instance_class,best_penalty_on_waittime,best_penalty_on_average_time,mean_makespan,worst_mean_makespan,improvement_percent
average,0.300,0.600,121.000,138.333,12.530
bottleneck_heavy,0.600,0.000,843.667,864.333,2.391
easy,0.000,0.300,35.000,37.333,6.250
edge_extreme_gap,0.000,0.000,10002.000,10002.000,0.000
edge_identical_times,0.300,0.000,91.000,105.000,13.333
edge_long_chain,0.000,1.000,400.000,412.000,2.913
edge_machine_advantage,0.000,0.000,120.000,120.000,0.000
edge_many_short_ops,0.300,0.000,120.000,125.000,4.000
edge_one_bottleneck,0.000,0.000,54.000,54.000,0.000
edge_one_job,0.000,0.000,40.000,40.000,0.000
edge_single_machine,0.000,0.000,90.000,90.000,0.000
edge_zero_flexibility,0.300,0.000,97.000,117.000,17.094
extreme,0.600,0.600,6857.333,7354.333,6.758
few_jobs_many_mach,0.000,0.000,95.000,95.000,0.000
hard,0.600,0.000,977.667,1184.667,17.473
high_flexibility,0.600,1.000,152.667,188.333,18.938
high_variance,0.600,1.000,405.667,556.667,27.126
low_flexibility,1.000,0.600,272.667,336.667,19.010
many_jobs_few_mach,0.300,0.300,551.667,595.000,7.283
unbalanced,0.600,0.000,846.000,904.667,6.485
