instance_class,seed,num_jobs,num_machines,total_operations,operations_per_job,min_operation_time,max_operation_time,average_processing_time,variance_in_processing_time,average_eligible_machines_per_operation,harmonic_mean_eligible_machines,load_distribution_variance,penalty_on_waittime,penalty_on_average_time,valid,final_makespan,lower_bound,lb_gap_percent,machine_utilization,runtime_ms
average,1,10,5,49,4.9000,3,21,12.4892,16.1492,2.8367,2.4459,775.1273,0.0000,0.0000,VALID,144,92,56.5217,0.7472,0.0480
average,1,10,5,49,4.9000,3,21,12.4892,16.1492,2.8367,2.4459,775.1273,0.0000,0.3000,VALID,138,92,50.0000,0.7507,0.0235
average,1,10,5,49,4.9000,3,21,12.4892,16.1492,2.8367,2.4459,775.1273,0.0000,0.6000,VALID,135,92,46.7391,0.7630,0.0219
average,1,10,5,49,4.9000,3,21,12.4892,16.1492,2.8367,2.4459,775.1273,0.0000,1.0000,VALID,134,92,45.6522,0.7940,0.0183
average,1,10,5,49,4.9000,3,21,12.4892,16.1492,2.8367,2.4459,775.1273,0.3000,0.0000,VALID,134,92,45.6522,0.7672,0.0212
average,1,10,5,49,4.9000,3,21,12.4892,16.1492,2.8367,2.4459,775.1273,0.3000,0.3000,VALID,135,92,46.7391,0.7644,0.0322
average,1,10,5,49,4.9000,3,21,12.4892,16.1492,2.8367,2.4459,775.1273,0.3000,0.6000,VALID,138,92,50.0000,0.7739,0.0223
average,1,10,5,49,4.9000,3,21,12.4892,16.1492,2.8367,2.4459,775.1273,0.3000,1.0000,VALID,136,92,47.8261,0.7794,0.0192
average,1,10,5,49,4.9000,3,21,12.4892,16.1492,2.8367,2.4459,775.1273,0.6000,0.0000,VALID,134,92,45.6522,0.7910,0.0194
average,1,10,5,49,4.9000,3,21,12.4892,16.1492,2.8367,2.4459,775.1273,0.6000,0.3000,VALID,144,92,56.5217,0.7625,0.0184
average,1,10,5,49,4.9000,3,21,12.4892,16.1492,2.8367,2.4459,775.1273,0.6000,0.6000,VALID,140,92,52.1739,0.7600,0.0200
average,1,10,5,49,4.9000,3,21,12.4892,16.1492,2.8367,2.4459,775.1273,0.6000,1.0000,VALID,131,92,42.3913,0.7893,0.0188
average,1,10,5,49,4.9000,3,21,12.4892,16.1492,2.8367,2.4459,775.1273,1.0000,0.0000,VALID,141,92,53.2609,0.8298,0.0198
average,1,10,5,49,4.9000,3,21,12.4892,16.1492,2.8367,2.4459,775.1273,1.0000,0.3000,VALID,148,92,60.8696,0.7581,0.0189
average,1,10,5,49,4.9000,3,21,12.4892,16.1492,2.8367,2.4459,775.1273,1.0000,0.6000,VALID,128,92,39.1304,0.7984,0.0159
average,1,10,5,49,4.9000,3,21,12.4892,16.1492,2.8367,2.4459,775.1273,1.0000,1.0000,VALID,129,92,40.2174,0.8202,0.0174
average,2,10,5,48,4.8000,2,28,12.6615,19.4854,2.7083,2.3022,680.8767,0.0000,0.0000,VALID,122,93,31.1828,0.8607,0.0379
average,2,10,5,48,4.8000,2,28,12.6615,19.4854,2.7083,2.3022,680.8767,0.0000,0.3000,VALID,123,93,32.2581,0.8341,0.0205
average,2,10,5,48,4.8000,2,28,12.6615,19.4854,2.7083,2.3022,680.8767,0.0000,0.6000,VALID,117,93,25.8065,0.8564,0.0189
average,2,10,5,48,4.8000,2,28,12.6615,19.4854,2.7083,2.3022,680.8767,0.0000,1.0000,VALID,136,93,46.2366,0.7765,0.0189
average,2,10,5,48,4.8000,2,28,12.6615,19.4854,2.7083,2.3022,680.8767,0.3000,0.0000,VALID,122,93,31.1828,0.8246,0.0181
average,2,10,5,48,4.8000,2,28,12.6615,19.4854,2.7083,2.3022,680.8767,0.3000,0.3000,VALID,120,93,29.0323,0.8600,0.0167
average,2,10,5,48,4.8000,2,28,12.6615,19.4854,2.7083,2.3022,680.8767,0.3000,0.6000,VALID,116,93,24.7312,0.8707,0.0162
average,2,10,5,48,4.8000,2,28,12.6615,19.4854,2.7083,2.3022,680.8767,0.3000,1.0000,VALID,123,93,32.2581,0.8585,0.0173
average,2,10,5,48,4.8000,2,28,12.6615,19.4854,2.7083,2.3022,680.8767,0.6000,0.0000,VALID,127,93,36.5591,0.8331,0.0171
average,2,10,5,48,4.8000,2,28,12.6615,19.4854,2.7083,2.3022,680.8767,0.6000,0.3000,VALID,119,93,27.9570,0.8975,0.0157
average,2,10,5,48,4.8000,2,28,12.6615,19.4854,2.7083,2.3022,680.8767,0.6000,0.6000,VALID,125,93,34.4086,0.8608,0.0178
average,2,10,5,48,4.8000,2,28,12.6615,19.4854,2.7083,2.3022,680.8767,0.6000,1.0000,VALID,123,93,32.2581,0.8325,0.0218
average,2,10,5,48,4.8000,2,28,12.6615,19.4854,2.7083,2.3022,680.8767,1.0000,0.0000,VALID,134,93,44.0860,0.7821,0.0180
average,2,10,5,48,4.8000,2,28,12.6615,19.4854,2.7083,2.3022,680.8767,1.0000,0.3000,VALID,118,93,26.8817,0.8898,0.0174
average,2,10,5,48,4.8000,2,28,12.6615,19.4854,2.7083,2.3022,680.8767,1.0000,0.6000,VALID,121,93,30.1075,0.8678,0.0340
average,2,10,5,48,4.8000,2,28,12.6615,19.4854,2.7083,2.3022,680.8767,1.0000,1.0000,VALID,120,93,29.0323,0.8750,0.0179
average,3,10,5,47,4.7000,3,21,12.2030,16.3573,2.8298,2.5428,353.1049,0.0000,0.0000,VALID,136,87,56.3218,0.6941,0.0362
average,3,10,5,47,4.7000,3,21,12.2030,16.3573,2.8298,2.5428,353.1049,0.0000,0.3000,VALID,154,87,77.0115,0.6117,0.0194
average,3,10,5,47,4.7000,3,21,12.2030,16.3573,2.8298,2.5428,353.1049,0.0000,0.6000,VALID,135,87,55.1724,0.7185,0.0180
average,3,10,5,47,4.7000,3,21,12.2030,16.3573,2.8298,2.5428,353.1049,0.0000,1.0000,VALID,124,87,42.5287,0.8161,0.0182
average,3,10,5,47,4.7000,3,21,12.2030,16.3573,2.8298,2.5428,353.1049,0.3000,0.0000,VALID,114,87,31.0345,0.8386,0.0443
average,3,10,5,47,4.7000,3,21,12.2030,16.3573,2.8298,2.5428,353.1049,0.3000,0.3000,VALID,114,87,31.0345,0.8456,0.0188
average,3,10,5,47,4.7000,3,21,12.2030,16.3573,2.8298,2.5428,353.1049,0.3000,0.6000,VALID,109,87,25.2874,0.8569,0.0172
average,3,10,5,47,4.7000,3,21,12.2030,16.3573,2.8298,2.5428,353.1049,0.3000,1.0000,VALID,119,87,36.7816,0.8454,0.0172
average,3,10,5,47,4.7000,3,21,12.2030,16.3573,2.8298,2.5428,353.1049,0.6000,0.0000,VALID,114,87,31.0345,0.8614,0.0154
average,3,10,5,47,4.7000,3,21,12.2030,16.3573,2.8298,2.5428,353.1049,0.6000,0.3000,VALID,124,87,42.5287,0.8097,0.0163
average,3,10,5,47,4.7000,3,21,12.2030,16.3573,2.8298,2.5428,353.1049,0.6000,0.6000,VALID,109,87,25.2874,0.8826,0.0156
average,3,10,5,47,4.7000,3,21,12.2030,16.3573,2.8298,2.5428,353.1049,0.6000,1.0000,VALID,126,87,44.8276,0.8175,0.0161
average,3,10,5,47,4.7000,3,21,12.2030,16.3573,2.8298,2.5428,353.1049,1.0000,0.0000,VALID,128,87,47.1264,0.7969,0.0153
average,3,10,5,47,4.7000,3,21,12.2030,16.3573,2.8298,2.5428,353.1049,1.0000,0.3000,VALID,107,87,22.9885,0.9065,0.0168
average,3,10,5,47,4.7000,3,21,12.2030,16.3573,2.8298,2.5428,353.1049,1.0000,0.6000,VALID,126,87,44.8276,0.8190,0.0168
average,3,10,5,47,4.7000,3,21,12.2030,16.3573,2.8298,2.5428,353.1049,1.0000,1.0000,VALID,130,87,49.4253,0.8431,0.0165
easy,1,5,8,14,2.8000,5,15,10.0667,4.7067,6.4286,6.3192,12.2350,0.0000,0.0000,VALID,37,32,15.6250,0.4561,0.0089
easy,1,5,8,14,2.8000,5,15,10.0667,4.7067,6.4286,6.3192,12.2350,0.0000,0.3000,VALID,37,32,15.6250,0.4561,0.0067
easy,1,5,8,14,2.8000,5,15,10.0667,4.7067,6.4286,6.3192,12.2350,0.0000,0.6000,VALID,37,32,15.6250,0.4561,0.0035
easy,1,5,8,14,2.8000,5,15,10.0667,4.7067,6.4286,6.3192,12.2350,0.0000,1.0000,VALID,44,32,37.5000,0.4062,0.0059
easy,1,5,8,14,2.8000,5,15,10.0667,4.7067,6.4286,6.3192,12.2350,0.3000,0.0000,VALID,37,32,15.6250,0.4561,0.0036
easy,1,5,8,14,2.8000,5,15,10.0667,4.7067,6.4286,6.3192,12.2350,0.3000,0.3000,VALID,37,32,15.6250,0.4561,0.0027
easy,1,5,8,14,2.8000,5,15,10.0667,4.7067,6.4286,6.3192,12.2350,0.3000,0.6000,VALID,37,32,15.6250,0.4561,0.0027
easy,1,5,8,14,2.8000,5,15,10.0667,4.7067,6.4286,6.3192,12.2350,0.3000,1.0000,VALID,44,32,37.5000,0.4062,0.0038
easy,1,5,8,14,2.8000,5,15,10.0667,4.7067,6.4286,6.3192,12.2350,0.6000,0.0000,VALID,37,32,15.6250,0.4561,0.0029
easy,1,5,8,14,2.8000,5,15,10.0667,4.7067,6.4286,6.3192,12.2350,0.6000,0.3000,VALID,37,32,15.6250,0.4561,0.0028
easy,1,5,8,14,2.8000,5,15,10.0667,4.7067,6.4286,6.3192,12.2350,0.6000,0.6000,VALID,37,32,15.6250,0.4561,0.0029
easy,1,5,8,14,2.8000,5,15,10.0667,4.7067,6.4286,6.3192,12.2350,0.6000,1.0000,VALID,44,32,37.5000,0.4062,0.0030
easy,1,5,8,14,2.8000,5,15,10.0667,4.7067,6.4286,6.3192,12.2350,1.0000,0.0000,VALID,37,32,15.6250,0.4561,0.0027
easy,1,5,8,14,2.8000,5,15,10.0667,4.7067,6.4286,6.3192,12.2350,1.0000,0.3000,VALID,37,32,15.6250,0.4561,0.0027
easy,1,5,8,14,2.8000,5,15,10.0667,4.7067,6.4286,6.3192,12.2350,1.0000,0.6000,VALID,37,32,15.6250,0.4561,0.0027
easy,1,5,8,14,2.8000,5,15,10.0667,4.7067,6.4286,6.3192,12.2350,1.0000,1.0000,VALID,44,32,37.5000,0.4062,0.0051
easy,2,5,8,15,3.0000,4,16,10.0000,5.1458,6.4000,6.2130,9.6685,0.0000,0.0000,VALID,35,22,59.0909,0.4893,0.0198
easy,2,5,8,15,3.0000,4,16,10.0000,5.1458,6.4000,6.2130,9.6685,0.0000,0.3000,VALID,30,22,36.3636,0.5833,0.0058
easy,2,5,8,15,3.0000,4,16,10.0000,5.1458,6.4000,6.2130,9.6685,0.0000,0.6000,VALID,30,22,36.3636,0.5833,0.0035
easy,2,5,8,15,3.0000,4,16,10.0000,5.1458,6.4000,6.2130,9.6685,0.0000,1.0000,VALID,30,22,36.3636,0.5833,0.0029
easy,2,5,8,15,3.0000,4,16,10.0000,5.1458,6.4000,6.2130,9.6685,0.3000,0.0000,VALID,35,22,59.0909,0.4893,0.0037
easy,2,5,8,15,3.0000,4,16,10.0000,5.1458,6.4000,6.2130,9.6685,0.3000,0.3000,VALID,30,22,36.3636,0.5833,0.0029
easy,2,5,8,15,3.0000,4,16,10.0000,5.1458,6.4000,6.2130,9.6685,0.3000,0.6000,VALID,30,22,36.3636,0.5833,0.0027
easy,2,5,8,15,3.0000,4,16,10.0000,5.1458,6.4000,6.2130,9.6685,0.3000,1.0000,VALID,30,22,36.3636,0.5833,0.0027
easy,2,5,8,15,3.0000,4,16,10.0000,5.1458,6.4000,6.2130,9.6685,0.6000,0.0000,VALID,35,22,59.0909,0.4893,0.0029
easy,2,5,8,15,3.0000,4,16,10.0000,5.1458,6.4000,6.2130,9.6685,0.6000,0.3000,VALID,30,22,36.3636,0.5833,0.0027
easy,2,5,8,15,3.0000,4,16,10.0000,5.1458,6.4000,6.2130,9.6685,0.6000,0.6000,VALID,30,22,36.3636,0.5833,0.0027
easy,2,5,8,15,3.0000,4,16,10.0000,5.1458,6.4000,6.2130,9.6685,0.6000,1.0000,VALID,30,22,36.3636,0.5833,0.0027
easy,2,5,8,15,3.0000,4,16,10.0000,5.1458,6.4000,6.2130,9.6685,1.0000,0.0000,VALID,35,22,59.0909,0.4893,0.0027
easy,2,5,8,15,3.0000,4,16,10.0000,5.1458,6.4000,6.2130,9.6685,1.0000,0.3000,VALID,30,22,36.3636,0.5833,0.0027
easy,2,5,8,15,3.0000,4,16,10.0000,5.1458,6.4000,6.2130,9.6685,1.0000,0.6000,VALID,30,22,36.3636,0.5833,0.0027
easy,2,5,8,15,3.0000,4,16,10.0000,5.1458,6.4000,6.2130,9.6685,1.0000,1.0000,VALID,30,22,36.3636,0.5833,0.0027
easy,3,5,8,16,3.2000,4,16,10.1091,4.4426,6.8750,6.7267,7.1410,0.0000,0.0000,VALID,38,30,26.6667,0.5000,0.0190
easy,3,5,8,16,3.2000,4,16,10.1091,4.4426,6.8750,6.7267,7.1410,0.0000,0.3000,VALID,38,30,26.6667,0.5000,0.0053
easy,3,5,8,16,3.2000,4,16,10.1091,4.4426,6.8750,6.7267,7.1410,0.0000,0.6000,VALID,38,30,26.6667,0.5000,0.0035
easy,3,5,8,16,3.2000,4,16,10.1091,4.4426,6.8750,6.7267,7.1410,0.0000,1.0000,VALID,38,30,26.6667,0.5000,0.0034
easy,3,5,8,16,3.2000,4,16,10.1091,4.4426,6.8750,6.7267,7.1410,0.3000,0.0000,VALID,38,30,26.6667,0.5000,0.0032
easy,3,5,8,16,3.2000,4,16,10.1091,4.4426,6.8750,6.7267,7.1410,0.3000,0.3000,VALID,38,30,26.6667,0.5000,0.0030
easy,3,5,8,16,3.2000,4,16,10.1091,4.4426,6.8750,6.7267,7.1410,0.3000,0.6000,VALID,38,30,26.6667,0.5000,0.0029
easy,3,5,8,16,3.2000,4,16,10.1091,4.4426,6.8750,6.7267,7.1410,0.3000,1.0000,VALID,38,30,26.6667,0.5000,0.0030
easy,3,5,8,16,3.2000,4,16,10.1091,4.4426,6.8750,6.7267,7.1410,0.6000,0.0000,VALID,38,30,26.6667,0.5000,0.0031
easy,3,5,8,16,3.2000,4,16,10.1091,4.4426,6.8750,6.7267,7.1410,0.6000,0.3000,VALID,38,30,26.6667,0.5000,0.0029
easy,3,5,8,16,3.2000,4,16,10.1091,4.4426,6.8750,6.7267,7.1410,0.6000,0.6000,VALID,38,30,26.6667,0.5000,0.0029
easy,3,5,8,16,3.2000,4,16,10.1091,4.4426,6.8750,6.7267,7.1410,0.6000,1.0000,VALID,38,30,26.6667,0.5000,0.0029
easy,3,5,8,16,3.2000,4,16,10.1091,4.4426,6.8750,6.7267,7.1410,1.0000,0.0000,VALID,38,30,26.6667,0.5000,0.0029
easy,3,5,8,16,3.2000,4,16,10.1091,4.4426,6.8750,6.7267,7.1410,1.0000,0.3000,VALID,38,30,26.6667,0.5000,0.0029
easy,3,5,8,16,3.2000,4,16,10.1091,4.4426,6.8750,6.7267,7.1410,1.0000,0.6000,VALID,38,30,26.6667,0.5000,0.0030
easy,3,5,8,16,3.2000,4,16,10.1091,4.4426,6.8750,6.7267,7.1410,1.0000,1.0000,VALID,38,30,26.6667,0.5000,0.0031
hard,1,25,5,209,8.3600,1,54,22.8414,92.8495,1.8708,1.5002,51425.2383,0.0000,0.0000,VALID,1210,900,34.4444,0.7460,0.1294
hard,1,25,5,209,8.3600,1,54,22.8414,92.8495,1.8708,1.5002,51425.2383,0.0000,0.3000,VALID,1255,900,39.4444,0.7077,0.1257
hard,1,25,5,209,8.3600,1,54,22.8414,92.8495,1.8708,1.5002,51425.2383,0.0000,0.6000,VALID,1217,900,35.2222,0.7175,0.1254
hard,1,25,5,209,8.3600,1,54,22.8414,92.8495,1.8708,1.5002,51425.2383,0.0000,1.0000,VALID,1275,900,41.6667,0.6924,0.1161
hard,1,25,5,209,8.3600,1,54,22.8414,92.8495,1.8708,1.5002,51425.2383,0.3000,0.0000,VALID,1019,900,13.2222,0.8671,0.1178
hard,1,25,5,209,8.3600,1,54,22.8414,92.8495,1.8708,1.5002,51425.2383,0.3000,0.3000,VALID,1015,900,12.7778,0.8701,0.1207
hard,1,25,5,209,8.3600,1,54,22.8414,92.8495,1.8708,1.5002,51425.2383,0.3000,0.6000,VALID,1011,900,12.3333,0.8783,0.1142
hard,1,25,5,209,8.3600,1,54,22.8414,92.8495,1.8708,1.5002,51425.2383,0.3000,1.0000,VALID,985,900,9.4444,0.9208,0.1151
hard,1,25,5,209,8.3600,1,54,22.8414,92.8495,1.8708,1.5002,51425.2383,0.6000,0.0000,VALID,975,900,8.3333,0.9370,0.1205
hard,1,25,5,209,8.3600,1,54,22.8414,92.8495,1.8708,1.5002,51425.2383,0.6000,0.3000,VALID,1015,900,12.7778,0.8952,0.1133
hard,1,25,5,209,8.3600,1,54,22.8414,92.8495,1.8708,1.5002,51425.2383,0.6000,0.6000,VALID,1011,900,12.3333,0.8876,0.1197
hard,1,25,5,209,8.3600,1,54,22.8414,92.8495,1.8708,1.5002,51425.2383,0.6000,1.0000,VALID,988,900,9.7778,0.9170,0.1132
hard,1,25,5,209,8.3600,1,54,22.8414,92.8495,1.8708,1.5002,51425.2383,1.0000,0.0000,VALID,1010,900,12.2222,0.9307,0.1170
hard,1,25,5,209,8.3600,1,54,22.8414,92.8495,1.8708,1.5002,51425.2383,1.0000,0.3000,VALID,1004,900,11.5556,0.9133,0.1176
hard,1,25,5,209,8.3600,1,54,22.8414,92.8495,1.8708,1.5002,51425.2383,1.0000,0.6000,VALID,1011,900,12.3333,0.9128,0.1283
hard,1,25,5,209,8.3600,1,54,22.8414,92.8495,1.8708,1.5002,51425.2383,1.0000,1.0000,VALID,968,900,7.5556,0.9473,0.1157
hard,2,25,5,198,7.9200,1,60,22.5907,102.4780,1.8384,1.4758,124319.9844,0.0000,0.0000,VALID,1266,1042,21.4971,0.6651,0.1381
hard,2,25,5,198,7.9200,1,60,22.5907,102.4780,1.8384,1.4758,124319.9844,0.0000,0.3000,VALID,1354,1042,29.9424,0.6127,0.1219
hard,2,25,5,198,7.9200,1,60,22.5907,102.4780,1.8384,1.4758,124319.9844,0.0000,0.6000,VALID,1357,1042,30.2303,0.6329,0.1220
hard,2,25,5,198,7.9200,1,60,22.5907,102.4780,1.8384,1.4758,124319.9844,0.0000,1.0000,VALID,1351,1042,29.6545,0.6382,0.1208
hard,2,25,5,198,7.9200,1,60,22.5907,102.4780,1.8384,1.4758,124319.9844,0.3000,0.0000,VALID,1143,1042,9.6929,0.7186,0.1220
hard,2,25,5,198,7.9200,1,60,22.5907,102.4780,1.8384,1.4758,124319.9844,0.3000,0.3000,VALID,1144,1042,9.7889,0.7367,0.1140
hard,2,25,5,198,7.9200,1,60,22.5907,102.4780,1.8384,1.4758,124319.9844,0.3000,0.6000,VALID,1143,1042,9.6929,0.7283,0.1132
hard,2,25,5,198,7.9200,1,60,22.5907,102.4780,1.8384,1.4758,124319.9844,0.3000,1.0000,VALID,1153,1042,10.6526,0.7252,0.1136
hard,2,25,5,198,7.9200,1,60,22.5907,102.4780,1.8384,1.4758,124319.9844,0.6000,0.0000,VALID,1113,1042,6.8138,0.7583,0.1140
hard,2,25,5,198,7.9200,1,60,22.5907,102.4780,1.8384,1.4758,124319.9844,0.6000,0.3000,VALID,1114,1042,6.9098,0.7738,0.1153
hard,2,25,5,198,7.9200,1,60,22.5907,102.4780,1.8384,1.4758,124319.9844,0.6000,0.6000,VALID,1101,1042,5.6622,0.7562,0.1128
hard,2,25,5,198,7.9200,1,60,22.5907,102.4780,1.8384,1.4758,124319.9844,0.6000,1.0000,VALID,1153,1042,10.6526,0.7405,0.1129
hard,2,25,5,198,7.9200,1,60,22.5907,102.4780,1.8384,1.4758,124319.9844,1.0000,0.0000,VALID,1104,1042,5.9501,0.7996,0.1140
hard,2,25,5,198,7.9200,1,60,22.5907,102.4780,1.8384,1.4758,124319.9844,1.0000,0.3000,VALID,1105,1042,6.0461,0.7886,0.1085
hard,2,25,5,198,7.9200,1,60,22.5907,102.4780,1.8384,1.4758,124319.9844,1.0000,0.6000,VALID,1127,1042,8.1574,0.7611,0.1137
hard,2,25,5,198,7.9200,1,60,22.5907,102.4780,1.8384,1.4758,124319.9844,1.0000,1.0000,VALID,1153,1042,10.6526,0.7483,0.1281
hard,3,25,5,198,7.9200,1,53,23.1990,102.5573,1.9545,1.5783,3646.5771,0.0000,0.0000,VALID,907,732,23.9071,0.8688,0.1273
hard,3,25,5,198,7.9200,1,53,23.1990,102.5573,1.9545,1.5783,3646.5771,0.0000,0.3000,VALID,945,732,29.0984,0.8508,0.1059
hard,3,25,5,198,7.9200,1,53,23.1990,102.5573,1.9545,1.5783,3646.5771,0.0000,0.6000,VALID,870,732,18.8525,0.8991,0.0972
hard,3,25,5,198,7.9200,1,53,23.1990,102.5573,1.9545,1.5783,3646.5771,0.0000,1.0000,VALID,883,732,20.6284,0.8507,0.1129
hard,3,25,5,198,7.9200,1,53,23.1990,102.5573,1.9545,1.5783,3646.5771,0.3000,0.0000,VALID,875,732,19.5355,0.9099,0.1356
hard,3,25,5,198,7.9200,1,53,23.1990,102.5573,1.9545,1.5783,3646.5771,0.3000,0.3000,VALID,827,732,12.9781,0.9446,0.1201
hard,3,25,5,198,7.9200,1,53,23.1990,102.5573,1.9545,1.5783,3646.5771,0.3000,0.6000,VALID,807,732,10.2459,0.9487,0.1462
hard,3,25,5,198,7.9200,1,53,23.1990,102.5573,1.9545,1.5783,3646.5771,0.3000,1.0000,VALID,828,732,13.1148,0.9415,0.1201
hard,3,25,5,198,7.9200,1,53,23.1990,102.5573,1.9545,1.5783,3646.5771,0.6000,0.0000,VALID,845,732,15.4372,0.9508,0.1216
hard,3,25,5,198,7.9200,1,53,23.1990,102.5573,1.9545,1.5783,3646.5771,0.6000,0.3000,VALID,845,732,15.4372,0.9467,0.1204
hard,3,25,5,198,7.9200,1,53,23.1990,102.5573,1.9545,1.5783,3646.5771,0.6000,0.6000,VALID,842,732,15.0273,0.9449,0.1225
hard,3,25,5,198,7.9200,1,53,23.1990,102.5573,1.9545,1.5783,3646.5771,0.6000,1.0000,VALID,859,732,17.3497,0.9388,0.1185
hard,3,25,5,198,7.9200,1,53,23.1990,102.5573,1.9545,1.5783,3646.5771,1.0000,0.0000,VALID,897,732,22.5410,0.9382,0.1216
hard,3,25,5,198,7.9200,1,53,23.1990,102.5573,1.9545,1.5783,3646.5771,1.0000,0.3000,VALID,895,732,22.2678,0.9555,0.1211
hard,3,25,5,198,7.9200,1,53,23.1990,102.5573,1.9545,1.5783,3646.5771,1.0000,0.6000,VALID,891,732,21.7213,0.9360,0.1173
hard,3,25,5,198,7.9200,1,53,23.1990,102.5573,1.9545,1.5783,3646.5771,1.0000,1.0000,VALID,885,732,20.9016,0.9586,0.1230
extreme,1,40,4,487,12.1750,1,88,31.6950,342.2183,1.3060,1.1577,3767173.2500,0.0000,0.0000,VALID,7057,6351,11.1164,0.5449,0.4098
extreme,1,40,4,487,12.1750,1,88,31.6950,342.2183,1.3060,1.1577,3767173.2500,0.0000,0.3000,VALID,7002,6351,10.2504,0.5486,0.4050
extreme,1,40,4,487,12.1750,1,88,31.6950,342.2183,1.3060,1.1577,3767173.2500,0.0000,0.6000,VALID,6979,6351,9.8882,0.5431,0.3742
extreme,1,40,4,487,12.1750,1,88,31.6950,342.2183,1.3060,1.1577,3767173.2500,0.0000,1.0000,VALID,6883,6351,8.3766,0.5498,0.4172
extreme,1,40,4,487,12.1750,1,88,31.6950,342.2183,1.3060,1.1577,3767173.2500,0.3000,0.0000,VALID,6381,6351,0.4724,0.6164,0.4863
extreme,1,40,4,487,12.1750,1,88,31.6950,342.2183,1.3060,1.1577,3767173.2500,0.3000,0.3000,VALID,6381,6351,0.4724,0.6205,0.4490
extreme,1,40,4,487,12.1750,1,88,31.6950,342.2183,1.3060,1.1577,3767173.2500,0.3000,0.6000,VALID,6381,6351,0.4724,0.6156,0.4077
extreme,1,40,4,487,12.1750,1,88,31.6950,342.2183,1.3060,1.1577,3767173.2500,0.3000,1.0000,VALID,6381,6351,0.4724,0.6069,0.4287
extreme,1,40,4,487,12.1750,1,88,31.6950,342.2183,1.3060,1.1577,3767173.2500,0.6000,0.0000,VALID,6381,6351,0.4724,0.6149,0.4223
extreme,1,40,4,487,12.1750,1,88,31.6950,342.2183,1.3060,1.1577,3767173.2500,0.6000,0.3000,VALID,6381,6351,0.4724,0.6124,0.6637
extreme,1,40,4,487,12.1750,1,88,31.6950,342.2183,1.3060,1.1577,3767173.2500,0.6000,0.6000,VALID,6381,6351,0.4724,0.6204,0.4699
extreme,1,40,4,487,12.1750,1,88,31.6950,342.2183,1.3060,1.1577,3767173.2500,0.6000,1.0000,VALID,6381,6351,0.4724,0.6135,0.4737
extreme,1,40,4,487,12.1750,1,88,31.6950,342.2183,1.3060,1.1577,3767173.2500,1.0000,0.0000,VALID,6381,6351,0.4724,0.6197,0.4586
extreme,1,40,4,487,12.1750,1,88,31.6950,342.2183,1.3060,1.1577,3767173.2500,1.0000,0.3000,VALID,6381,6351,0.4724,0.6106,0.6131
extreme,1,40,4,487,12.1750,1,88,31.6950,342.2183,1.3060,1.1577,3767173.2500,1.0000,0.6000,VALID,6381,6351,0.4724,0.6191,0.4538
extreme,1,40,4,487,12.1750,1,88,31.6950,342.2183,1.3060,1.1577,3767173.2500,1.0000,1.0000,VALID,6381,6351,0.4724,0.6124,0.4745
extreme,2,40,4,481,12.0250,1,100,31.9433,346.5448,1.3202,1.1632,3677174.2500,0.0000,0.0000,VALID,6948,6178,12.4636,0.5304,0.5470
extreme,2,40,4,481,12.0250,1,100,31.9433,346.5448,1.3202,1.1632,3677174.2500,0.0000,0.3000,VALID,6943,6178,12.3826,0.5353,0.4762
extreme,2,40,4,481,12.0250,1,100,31.9433,346.5448,1.3202,1.1632,3677174.2500,0.0000,0.6000,VALID,6840,6178,10.7154,0.5423,0.3894
extreme,2,40,4,481,12.0250,1,100,31.9433,346.5448,1.3202,1.1632,3677174.2500,0.0000,1.0000,VALID,6825,6178,10.4726,0.5367,0.4365
extreme,2,40,4,481,12.0250,1,100,31.9433,346.5448,1.3202,1.1632,3677174.2500,0.3000,0.0000,VALID,6285,6178,1.7320,0.5968,0.4769
extreme,2,40,4,481,12.0250,1,100,31.9433,346.5448,1.3202,1.1632,3677174.2500,0.3000,0.3000,VALID,6285,6178,1.7320,0.6011,0.4594
extreme,2,40,4,481,12.0250,1,100,31.9433,346.5448,1.3202,1.1632,3677174.2500,0.3000,0.6000,VALID,6285,6178,1.7320,0.5957,0.4898
extreme,2,40,4,481,12.0250,1,100,31.9433,346.5448,1.3202,1.1632,3677174.2500,0.3000,1.0000,VALID,6329,6178,2.4442,0.5917,0.7327
extreme,2,40,4,481,12.0250,1,100,31.9433,346.5448,1.3202,1.1632,3677174.2500,0.6000,0.0000,VALID,6285,6178,1.7320,0.6047,0.4889
extreme,2,40,4,481,12.0250,1,100,31.9433,346.5448,1.3202,1.1632,3677174.2500,0.6000,0.3000,VALID,6285,6178,1.7320,0.6045,0.4973
extreme,2,40,4,481,12.0250,1,100,31.9433,346.5448,1.3202,1.1632,3677174.2500,0.6000,0.6000,VALID,6244,6178,1.0683,0.6037,0.4640
extreme,2,40,4,481,12.0250,1,100,31.9433,346.5448,1.3202,1.1632,3677174.2500,0.6000,1.0000,VALID,6287,6178,1.7643,0.5988,0.4586
extreme,2,40,4,481,12.0250,1,100,31.9433,346.5448,1.3202,1.1632,3677174.2500,1.0000,0.0000,VALID,6285,6178,1.7320,0.6011,0.4703
extreme,2,40,4,481,12.0250,1,100,31.9433,346.5448,1.3202,1.1632,3677174.2500,1.0000,0.3000,VALID,6285,6178,1.7320,0.6035,0.4842
extreme,2,40,4,481,12.0250,1,100,31.9433,346.5448,1.3202,1.1632,3677174.2500,1.0000,0.6000,VALID,6285,6178,1.7320,0.6032,0.4754
extreme,2,40,4,481,12.0250,1,100,31.9433,346.5448,1.3202,1.1632,3677174.2500,1.0000,1.0000,VALID,6287,6178,1.7643,0.6002,0.4663
extreme,3,40,4,501,12.5250,1,102,32.4724,382.6682,1.2675,1.1376,7529411.5000,0.0000,0.0000,VALID,8058,7888,2.1552,0.4913,0.5539
extreme,3,40,4,501,12.5250,1,102,32.4724,382.6682,1.2675,1.1376,7529411.5000,0.0000,0.3000,VALID,8106,7888,2.7637,0.4877,0.4322
extreme,3,40,4,501,12.5250,1,102,32.4724,382.6682,1.2675,1.1376,7529411.5000,0.0000,0.6000,VALID,8135,7888,3.1313,0.4873,0.4909
extreme,3,40,4,501,12.5250,1,102,32.4724,382.6682,1.2675,1.1376,7529411.5000,0.0000,1.0000,VALID,8162,7888,3.4736,0.4810,0.4438
extreme,3,40,4,501,12.5250,1,102,32.4724,382.6682,1.2675,1.1376,7529411.5000,0.3000,0.0000,VALID,7947,7888,0.7480,0.5055,0.5304
extreme,3,40,4,501,12.5250,1,102,32.4724,382.6682,1.2675,1.1376,7529411.5000,0.3000,0.3000,VALID,7970,7888,1.0396,0.5066,0.5361
extreme,3,40,4,501,12.5250,1,102,32.4724,382.6682,1.2675,1.1376,7529411.5000,0.3000,0.6000,VALID,7970,7888,1.0396,0.5056,0.5153
extreme,3,40,4,501,12.5250,1,102,32.4724,382.6682,1.2675,1.1376,7529411.5000,0.3000,1.0000,VALID,7971,7888,1.0522,0.5056,0.5398
extreme,3,40,4,501,12.5250,1,102,32.4724,382.6682,1.2675,1.1376,7529411.5000,0.6000,0.0000,VALID,7947,7888,0.7480,0.5087,0.5451
extreme,3,40,4,501,12.5250,1,102,32.4724,382.6682,1.2675,1.1376,7529411.5000,0.6000,0.3000,VALID,7970,7888,1.0396,0.5078,0.5231
extreme,3,40,4,501,12.5250,1,102,32.4724,382.6682,1.2675,1.1376,7529411.5000,0.6000,0.6000,VALID,7947,7888,0.7480,0.5060,0.5088
extreme,3,40,4,501,12.5250,1,102,32.4724,382.6682,1.2675,1.1376,7529411.5000,0.6000,1.0000,VALID,7948,7888,0.7606,0.5061,0.5305
extreme,3,40,4,501,12.5250,1,102,32.4724,382.6682,1.2675,1.1376,7529411.5000,1.0000,0.0000,VALID,7947,7888,0.7480,0.5054,0.5115
extreme,3,40,4,501,12.5250,1,102,32.4724,382.6682,1.2675,1.1376,7529411.5000,1.0000,0.3000,VALID,7947,7888,0.7480,0.5099,0.5184
extreme,3,40,4,501,12.5250,1,102,32.4724,382.6682,1.2675,1.1376,7529411.5000,1.0000,0.6000,VALID,7947,7888,0.7480,0.5076,0.8610
extreme,3,40,4,501,12.5250,1,102,32.4724,382.6682,1.2675,1.1376,7529411.5000,1.0000,1.0000,VALID,7948,7888,0.7606,0.5047,0.5525
bottleneck_heavy,1,15,6,92,6.1333,3,26,15.3351,24.0134,2.0761,1.3667,102990.1094,0.0000,0.0000,VALID,866,852,1.6432,0.2558,0.0891
bottleneck_heavy,1,15,6,92,6.1333,3,26,15.3351,24.0134,2.0761,1.3667,102990.1094,0.0000,0.3000,VALID,875,852,2.6995,0.2568,0.0702
bottleneck_heavy,1,15,6,92,6.1333,3,26,15.3351,24.0134,2.0761,1.3667,102990.1094,0.0000,0.6000,VALID,875,852,2.6995,0.2556,0.0756
bottleneck_heavy,1,15,6,92,6.1333,3,26,15.3351,24.0134,2.0761,1.3667,102990.1094,0.0000,1.0000,VALID,891,852,4.5775,0.2548,0.0787
bottleneck_heavy,1,15,6,92,6.1333,3,26,15.3351,24.0134,2.0761,1.3667,102990.1094,0.3000,0.0000,VALID,863,852,1.2911,0.2588,0.0713
bottleneck_heavy,1,15,6,92,6.1333,3,26,15.3351,24.0134,2.0761,1.3667,102990.1094,0.3000,0.3000,VALID,872,852,2.3474,0.2601,0.0868
bottleneck_heavy,1,15,6,92,6.1333,3,26,15.3351,24.0134,2.0761,1.3667,102990.1094,0.3000,0.6000,VALID,872,852,2.3474,0.2580,0.0775
bottleneck_heavy,1,15,6,92,6.1333,3,26,15.3351,24.0134,2.0761,1.3667,102990.1094,0.3000,1.0000,VALID,872,852,2.3474,0.2550,0.0832
bottleneck_heavy,1,15,6,92,6.1333,3,26,15.3351,24.0134,2.0761,1.3667,102990.1094,0.6000,0.0000,VALID,863,852,1.2911,0.2588,0.1149
bottleneck_heavy,1,15,6,92,6.1333,3,26,15.3351,24.0134,2.0761,1.3667,102990.1094,0.6000,0.3000,VALID,872,852,2.3474,0.2582,0.0904
bottleneck_heavy,1,15,6,92,6.1333,3,26,15.3351,24.0134,2.0761,1.3667,102990.1094,0.6000,0.6000,VALID,872,852,2.3474,0.2569,0.0861
bottleneck_heavy,1,15,6,92,6.1333,3,26,15.3351,24.0134,2.0761,1.3667,102990.1094,0.6000,1.0000,VALID,872,852,2.3474,0.2557,0.0787
bottleneck_heavy,1,15,6,92,6.1333,3,26,15.3351,24.0134,2.0761,1.3667,102990.1094,1.0000,0.0000,VALID,863,852,1.2911,0.2592,0.0619
bottleneck_heavy,1,15,6,92,6.1333,3,26,15.3351,24.0134,2.0761,1.3667,102990.1094,1.0000,0.3000,VALID,872,852,2.3474,0.2582,0.0586
bottleneck_heavy,1,15,6,92,6.1333,3,26,15.3351,24.0134,2.0761,1.3667,102990.1094,1.0000,0.6000,VALID,872,852,2.3474,0.2569,0.1159
bottleneck_heavy,1,15,6,92,6.1333,3,26,15.3351,24.0134,2.0761,1.3667,102990.1094,1.0000,1.0000,VALID,872,852,2.3474,0.2557,0.0917
bottleneck_heavy,2,15,6,91,6.0667,3,33,15.5663,27.2336,1.8242,1.3131,117111.6875,0.0000,0.0000,VALID,940,929,1.1841,0.2520,0.0895
bottleneck_heavy,2,15,6,91,6.0667,3,33,15.5663,27.2336,1.8242,1.3131,117111.6875,0.0000,0.3000,VALID,940,929,1.1841,0.2520,0.0622
bottleneck_heavy,2,15,6,91,6.0667,3,33,15.5663,27.2336,1.8242,1.3131,117111.6875,0.0000,0.6000,VALID,940,929,1.1841,0.2520,0.0517
bottleneck_heavy,2,15,6,91,6.0667,3,33,15.5663,27.2336,1.8242,1.3131,117111.6875,0.0000,1.0000,VALID,943,929,1.5070,0.2524,0.0566
bottleneck_heavy,2,15,6,91,6.0667,3,33,15.5663,27.2336,1.8242,1.3131,117111.6875,0.3000,0.0000,VALID,929,929,0.0000,0.2573,0.0686
bottleneck_heavy,2,15,6,91,6.0667,3,33,15.5663,27.2336,1.8242,1.3131,117111.6875,0.3000,0.3000,VALID,940,929,1.1841,0.2525,0.0812
bottleneck_heavy,2,15,6,91,6.0667,3,33,15.5663,27.2336,1.8242,1.3131,117111.6875,0.3000,0.6000,VALID,940,929,1.1841,0.2520,0.0814
bottleneck_heavy,2,15,6,91,6.0667,3,33,15.5663,27.2336,1.8242,1.3131,117111.6875,0.3000,1.0000,VALID,943,929,1.5070,0.2517,0.0697
bottleneck_heavy,2,15,6,91,6.0667,3,33,15.5663,27.2336,1.8242,1.3131,117111.6875,0.6000,0.0000,VALID,929,929,0.0000,0.2578,0.0656
bottleneck_heavy,2,15,6,91,6.0667,3,33,15.5663,27.2336,1.8242,1.3131,117111.6875,0.6000,0.3000,VALID,929,929,0.0000,0.2578,0.0868
bottleneck_heavy,2,15,6,91,6.0667,3,33,15.5663,27.2336,1.8242,1.3131,117111.6875,0.6000,0.6000,VALID,940,929,1.1841,0.2520,0.0639
bottleneck_heavy,2,15,6,91,6.0667,3,33,15.5663,27.2336,1.8242,1.3131,117111.6875,0.6000,1.0000,VALID,943,929,1.5070,0.2517,0.0645
bottleneck_heavy,2,15,6,91,6.0667,3,33,15.5663,27.2336,1.8242,1.3131,117111.6875,1.0000,0.0000,VALID,929,929,0.0000,0.2578,0.0602
bottleneck_heavy,2,15,6,91,6.0667,3,33,15.5663,27.2336,1.8242,1.3131,117111.6875,1.0000,0.3000,VALID,929,929,0.0000,0.2578,0.0619
bottleneck_heavy,2,15,6,91,6.0667,3,33,15.5663,27.2336,1.8242,1.3131,117111.6875,1.0000,0.6000,VALID,929,929,0.0000,0.2578,0.0531
bottleneck_heavy,2,15,6,91,6.0667,3,33,15.5663,27.2336,1.8242,1.3131,117111.6875,1.0000,1.0000,VALID,943,929,1.5070,0.2517,0.0592
bottleneck_heavy,3,15,6,86,5.7333,1,30,15.0722,29.3762,2.2558,1.4705,76857.2969,0.0000,0.0000,VALID,740,729,1.5089,0.2953,0.0895
bottleneck_heavy,3,15,6,86,5.7333,1,30,15.0722,29.3762,2.2558,1.4705,76857.2969,0.0000,0.3000,VALID,740,729,1.5089,0.3005,0.0573
bottleneck_heavy,3,15,6,86,5.7333,1,30,15.0722,29.3762,2.2558,1.4705,76857.2969,0.0000,0.6000,VALID,740,729,1.5089,0.2982,0.0504
bottleneck_heavy,3,15,6,86,5.7333,1,30,15.0722,29.3762,2.2558,1.4705,76857.2969,0.0000,1.0000,VALID,759,729,4.1152,0.2914,0.0524
bottleneck_heavy,3,15,6,86,5.7333,1,30,15.0722,29.3762,2.2558,1.4705,76857.2969,0.3000,0.0000,VALID,752,729,3.1550,0.2952,0.0611
bottleneck_heavy,3,15,6,86,5.7333,1,30,15.0722,29.3762,2.2558,1.4705,76857.2969,0.3000,0.3000,VALID,739,729,1.3717,0.3051,0.0554
bottleneck_heavy,3,15,6,86,5.7333,1,30,15.0722,29.3762,2.2558,1.4705,76857.2969,0.3000,0.6000,VALID,739,729,1.3717,0.3004,0.0630
bottleneck_heavy,3,15,6,86,5.7333,1,30,15.0722,29.3762,2.2558,1.4705,76857.2969,0.3000,1.0000,VALID,758,729,3.9781,0.2924,0.0610
bottleneck_heavy,3,15,6,86,5.7333,1,30,15.0722,29.3762,2.2558,1.4705,76857.2969,0.6000,0.0000,VALID,739,729,1.3717,0.3076,0.0551
bottleneck_heavy,3,15,6,86,5.7333,1,30,15.0722,29.3762,2.2558,1.4705,76857.2969,0.6000,0.3000,VALID,739,729,1.3717,0.3033,0.0574
bottleneck_heavy,3,15,6,86,5.7333,1,30,15.0722,29.3762,2.2558,1.4705,76857.2969,0.6000,0.6000,VALID,739,729,1.3717,0.2970,0.0531
bottleneck_heavy,3,15,6,86,5.7333,1,30,15.0722,29.3762,2.2558,1.4705,76857.2969,0.6000,1.0000,VALID,758,729,3.9781,0.2924,0.0528
bottleneck_heavy,3,15,6,86,5.7333,1,30,15.0722,29.3762,2.2558,1.4705,76857.2969,1.0000,0.0000,VALID,739,729,1.3717,0.3051,0.0485
bottleneck_heavy,3,15,6,86,5.7333,1,30,15.0722,29.3762,2.2558,1.4705,76857.2969,1.0000,0.3000,VALID,739,729,1.3717,0.3033,0.0464
bottleneck_heavy,3,15,6,86,5.7333,1,30,15.0722,29.3762,2.2558,1.4705,76857.2969,1.0000,0.6000,VALID,739,729,1.3717,0.3036,0.0519
bottleneck_heavy,3,15,6,86,5.7333,1,30,15.0722,29.3762,2.2558,1.4705,76857.2969,1.0000,1.0000,VALID,758,729,3.9781,0.2924,0.0528
high_flexibility,1,15,6,87,5.8000,1,31,14.9228,24.1505,5.8046,5.7616,44.1887,0.0000,0.0000,VALID,214,129,65.8915,0.7181,0.0735
high_flexibility,1,15,6,87,5.8000,1,31,14.9228,24.1505,5.8046,5.7616,44.1887,0.0000,0.3000,VALID,193,129,49.6124,0.7858,0.0531
high_flexibility,1,15,6,87,5.8000,1,31,14.9228,24.1505,5.8046,5.7616,44.1887,0.0000,0.6000,VALID,174,129,34.8837,0.8381,0.0539
high_flexibility,1,15,6,87,5.8000,1,31,14.9228,24.1505,5.8046,5.7616,44.1887,0.0000,1.0000,VALID,190,129,47.2868,0.7333,0.0507
high_flexibility,1,15,6,87,5.8000,1,31,14.9228,24.1505,5.8046,5.7616,44.1887,0.3000,0.0000,VALID,174,129,34.8837,0.8669,0.0489
high_flexibility,1,15,6,87,5.8000,1,31,14.9228,24.1505,5.8046,5.7616,44.1887,0.3000,0.3000,VALID,168,129,30.2326,0.8562,0.0453
high_flexibility,1,15,6,87,5.8000,1,31,14.9228,24.1505,5.8046,5.7616,44.1887,0.3000,0.6000,VALID,179,129,38.7597,0.8305,0.0453
high_flexibility,1,15,6,87,5.8000,1,31,14.9228,24.1505,5.8046,5.7616,44.1887,0.3000,1.0000,VALID,148,129,14.7287,0.9414,0.0452
high_flexibility,1,15,6,87,5.8000,1,31,14.9228,24.1505,5.8046,5.7616,44.1887,0.6000,0.0000,VALID,171,129,32.5581,0.8879,0.0478
high_flexibility,1,15,6,87,5.8000,1,31,14.9228,24.1505,5.8046,5.7616,44.1887,0.6000,0.3000,VALID,172,129,33.3333,0.8983,0.0445
high_flexibility,1,15,6,87,5.8000,1,31,14.9228,24.1505,5.8046,5.7616,44.1887,0.6000,0.6000,VALID,168,129,30.2326,0.8978,0.0421
high_flexibility,1,15,6,87,5.8000,1,31,14.9228,24.1505,5.8046,5.7616,44.1887,0.6000,1.0000,VALID,162,129,25.5814,0.9084,0.0465
high_flexibility,1,15,6,87,5.8000,1,31,14.9228,24.1505,5.8046,5.7616,44.1887,1.0000,0.0000,VALID,183,129,41.8605,0.8561,0.0485
high_flexibility,1,15,6,87,5.8000,1,31,14.9228,24.1505,5.8046,5.7616,44.1887,1.0000,0.3000,VALID,173,129,34.1085,0.8786,0.0457
high_flexibility,1,15,6,87,5.8000,1,31,14.9228,24.1505,5.8046,5.7616,44.1887,1.0000,0.6000,VALID,178,129,37.9845,0.8764,0.0601
high_flexibility,1,15,6,87,5.8000,1,31,14.9228,24.1505,5.8046,5.7616,44.1887,1.0000,1.0000,VALID,170,129,31.7829,0.9147,0.0474
high_flexibility,2,15,6,90,6.0000,1,31,14.5656,26.3191,5.7556,5.7022,43.5231,0.0000,0.0000,VALID,153,122,25.4098,0.9216,0.0717
high_flexibility,2,15,6,90,6.0000,1,31,14.5656,26.3191,5.7556,5.7022,43.5231,0.0000,0.3000,VALID,165,122,35.2459,0.8242,0.0512
high_flexibility,2,15,6,90,6.0000,1,31,14.5656,26.3191,5.7556,5.7022,43.5231,0.0000,0.6000,VALID,154,122,26.2295,0.8452,0.0508
high_flexibility,2,15,6,90,6.0000,1,31,14.5656,26.3191,5.7556,5.7022,43.5231,0.0000,1.0000,VALID,165,122,35.2459,0.8091,0.0469
high_flexibility,2,15,6,90,6.0000,1,31,14.5656,26.3191,5.7556,5.7022,43.5231,0.3000,0.0000,VALID,146,122,19.6721,0.9247,0.0500
high_flexibility,2,15,6,90,6.0000,1,31,14.5656,26.3191,5.7556,5.7022,43.5231,0.3000,0.3000,VALID,144,122,18.0328,0.9086,0.0493
high_flexibility,2,15,6,90,6.0000,1,31,14.5656,26.3191,5.7556,5.7022,43.5231,0.3000,0.6000,VALID,144,122,18.0328,0.9167,0.0466
high_flexibility,2,15,6,90,6.0000,1,31,14.5656,26.3191,5.7556,5.7022,43.5231,0.3000,1.0000,VALID,163,122,33.6066,0.8262,0.0469
high_flexibility,2,15,6,90,6.0000,1,31,14.5656,26.3191,5.7556,5.7022,43.5231,0.6000,0.0000,VALID,156,122,27.8689,0.8878,0.0485
high_flexibility,2,15,6,90,6.0000,1,31,14.5656,26.3191,5.7556,5.7022,43.5231,0.6000,0.3000,VALID,147,122,20.4918,0.9184,0.0504
high_flexibility,2,15,6,90,6.0000,1,31,14.5656,26.3191,5.7556,5.7022,43.5231,0.6000,0.6000,VALID,152,122,24.5902,0.8805,0.0493
high_flexibility,2,15,6,90,6.0000,1,31,14.5656,26.3191,5.7556,5.7022,43.5231,0.6000,1.0000,VALID,146,122,19.6721,0.9498,0.0459
high_flexibility,2,15,6,90,6.0000,1,31,14.5656,26.3191,5.7556,5.7022,43.5231,1.0000,0.0000,VALID,159,122,30.3279,0.8910,0.0484
high_flexibility,2,15,6,90,6.0000,1,31,14.5656,26.3191,5.7556,5.7022,43.5231,1.0000,0.3000,VALID,169,122,38.5246,0.8797,0.0455
high_flexibility,2,15,6,90,6.0000,1,31,14.5656,26.3191,5.7556,5.7022,43.5231,1.0000,0.6000,VALID,166,122,36.0656,0.8614,0.0453
high_flexibility,2,15,6,90,6.0000,1,31,14.5656,26.3191,5.7556,5.7022,43.5231,1.0000,1.0000,VALID,170,122,39.3443,0.8980,0.0442
high_flexibility,3,15,6,87,5.8000,1,31,15.0142,29.2797,5.6667,5.6009,127.9355,0.0000,0.0000,VALID,198,120,65.0000,0.7710,0.0633
high_flexibility,3,15,6,87,5.8000,1,31,15.0142,29.2797,5.6667,5.6009,127.9355,0.0000,0.3000,VALID,190,120,58.3333,0.7737,0.0428
high_flexibility,3,15,6,87,5.8000,1,31,15.0142,29.2797,5.6667,5.6009,127.9355,0.0000,0.6000,VALID,180,120,50.0000,0.7852,0.0416
high_flexibility,3,15,6,87,5.8000,1,31,15.0142,29.2797,5.6667,5.6009,127.9355,0.0000,1.0000,VALID,165,120,37.5000,0.8152,0.0608
high_flexibility,3,15,6,87,5.8000,1,31,15.0142,29.2797,5.6667,5.6009,127.9355,0.3000,0.0000,VALID,149,120,24.1667,0.8915,0.0442
high_flexibility,3,15,6,87,5.8000,1,31,15.0142,29.2797,5.6667,5.6009,127.9355,0.3000,0.3000,VALID,154,120,28.3333,0.9113,0.0413
high_flexibility,3,15,6,87,5.8000,1,31,15.0142,29.2797,5.6667,5.6009,127.9355,0.3000,0.6000,VALID,153,120,27.5000,0.9237,0.0408
high_flexibility,3,15,6,87,5.8000,1,31,15.0142,29.2797,5.6667,5.6009,127.9355,0.3000,1.0000,VALID,148,120,23.3333,0.9223,0.0410
high_flexibility,3,15,6,87,5.8000,1,31,15.0142,29.2797,5.6667,5.6009,127.9355,0.6000,0.0000,VALID,154,120,28.3333,0.9297,0.0413
high_flexibility,3,15,6,87,5.8000,1,31,15.0142,29.2797,5.6667,5.6009,127.9355,0.6000,0.3000,VALID,164,120,36.6667,0.8902,0.0399
high_flexibility,3,15,6,87,5.8000,1,31,15.0142,29.2797,5.6667,5.6009,127.9355,0.6000,0.6000,VALID,158,120,31.6667,0.8966,0.0403
high_flexibility,3,15,6,87,5.8000,1,31,15.0142,29.2797,5.6667,5.6009,127.9355,0.6000,1.0000,VALID,150,120,25.0000,0.9144,0.0408
high_flexibility,3,15,6,87,5.8000,1,31,15.0142,29.2797,5.6667,5.6009,127.9355,1.0000,0.0000,VALID,153,120,27.5000,0.9466,0.0409
high_flexibility,3,15,6,87,5.8000,1,31,15.0142,29.2797,5.6667,5.6009,127.9355,1.0000,0.3000,VALID,164,120,36.6667,0.9065,0.0403
high_flexibility,3,15,6,87,5.8000,1,31,15.0142,29.2797,5.6667,5.6009,127.9355,1.0000,0.6000,VALID,173,120,44.1667,0.8767,0.0417
high_flexibility,3,15,6,87,5.8000,1,31,15.0142,29.2797,5.6667,5.6009,127.9355,1.0000,1.0000,VALID,163,120,35.8333,0.9059,0.0436
low_flexibility,1,15,6,87,5.8000,1,27,15.5847,26.4801,1.3563,1.1945,867.9877,0.0000,0.0000,VALID,307,213,44.1315,0.7139,0.0647
low_flexibility,1,15,6,87,5.8000,1,27,15.5847,26.4801,1.3563,1.1945,867.9877,0.0000,0.3000,VALID,271,213,27.2300,0.8112,0.0395
low_flexibility,1,15,6,87,5.8000,1,27,15.5847,26.4801,1.3563,1.1945,867.9877,0.0000,0.6000,VALID,258,213,21.1268,0.8521,0.0381
low_flexibility,1,15,6,87,5.8000,1,27,15.5847,26.4801,1.3563,1.1945,867.9877,0.0000,1.0000,VALID,282,213,32.3944,0.7695,0.0396
low_flexibility,1,15,6,87,5.8000,1,27,15.5847,26.4801,1.3563,1.1945,867.9877,0.3000,0.0000,VALID,279,213,30.9859,0.7933,0.0412
low_flexibility,1,15,6,87,5.8000,1,27,15.5847,26.4801,1.3563,1.1945,867.9877,0.3000,0.3000,VALID,286,213,34.2723,0.7611,0.0586
low_flexibility,1,15,6,87,5.8000,1,27,15.5847,26.4801,1.3563,1.1945,867.9877,0.3000,0.6000,VALID,278,213,30.5164,0.7914,0.0427
low_flexibility,1,15,6,87,5.8000,1,27,15.5847,26.4801,1.3563,1.1945,867.9877,0.3000,1.0000,VALID,262,213,23.0047,0.8435,0.0400
low_flexibility,1,15,6,87,5.8000,1,27,15.5847,26.4801,1.3563,1.1945,867.9877,0.6000,0.0000,VALID,268,213,25.8216,0.8277,0.0394
low_flexibility,1,15,6,87,5.8000,1,27,15.5847,26.4801,1.3563,1.1945,867.9877,0.6000,0.3000,VALID,276,213,29.5775,0.8025,0.0475
low_flexibility,1,15,6,87,5.8000,1,27,15.5847,26.4801,1.3563,1.1945,867.9877,0.6000,0.6000,VALID,259,213,21.5962,0.8456,0.0440
low_flexibility,1,15,6,87,5.8000,1,27,15.5847,26.4801,1.3563,1.1945,867.9877,0.6000,1.0000,VALID,262,213,23.0047,0.8435,0.0411
low_flexibility,1,15,6,87,5.8000,1,27,15.5847,26.4801,1.3563,1.1945,867.9877,1.0000,0.0000,VALID,255,213,19.7183,0.8797,0.0453
low_flexibility,1,15,6,87,5.8000,1,27,15.5847,26.4801,1.3563,1.1945,867.9877,1.0000,0.3000,VALID,259,213,21.5962,0.8456,0.0400
low_flexibility,1,15,6,87,5.8000,1,27,15.5847,26.4801,1.3563,1.1945,867.9877,1.0000,0.6000,VALID,264,213,23.9437,0.8327,0.0867
low_flexibility,1,15,6,87,5.8000,1,27,15.5847,26.4801,1.3563,1.1945,867.9877,1.0000,1.0000,VALID,259,213,21.5962,0.8475,0.0394
low_flexibility,2,15,6,95,6.3333,3,29,14.7381,27.2251,1.3263,1.1801,3169.9968,0.0000,0.0000,VALID,382,250,52.8000,0.6178,0.0718
low_flexibility,2,15,6,95,6.3333,3,29,14.7381,27.2251,1.3263,1.1801,3169.9968,0.0000,0.3000,VALID,383,250,53.2000,0.6245,0.0475
low_flexibility,2,15,6,95,6.3333,3,29,14.7381,27.2251,1.3263,1.1801,3169.9968,0.0000,0.6000,VALID,355,250,42.0000,0.6695,0.0394
low_flexibility,2,15,6,95,6.3333,3,29,14.7381,27.2251,1.3263,1.1801,3169.9968,0.0000,1.0000,VALID,344,250,37.6000,0.6691,0.0469
low_flexibility,2,15,6,95,6.3333,3,29,14.7381,27.2251,1.3263,1.1801,3169.9968,0.3000,0.0000,VALID,308,250,23.2000,0.7646,0.0422
low_flexibility,2,15,6,95,6.3333,3,29,14.7381,27.2251,1.3263,1.1801,3169.9968,0.3000,0.3000,VALID,295,250,18.0000,0.7994,0.0404
low_flexibility,2,15,6,95,6.3333,3,29,14.7381,27.2251,1.3263,1.1801,3169.9968,0.3000,0.6000,VALID,287,250,14.8000,0.8124,0.0438
low_flexibility,2,15,6,95,6.3333,3,29,14.7381,27.2251,1.3263,1.1801,3169.9968,0.3000,1.0000,VALID,291,250,16.4000,0.8018,0.0463
low_flexibility,2,15,6,95,6.3333,3,29,14.7381,27.2251,1.3263,1.1801,3169.9968,0.6000,0.0000,VALID,299,250,19.6000,0.7949,0.0436
low_flexibility,2,15,6,95,6.3333,3,29,14.7381,27.2251,1.3263,1.1801,3169.9968,0.6000,0.3000,VALID,298,250,19.2000,0.7836,0.0771
low_flexibility,2,15,6,95,6.3333,3,29,14.7381,27.2251,1.3263,1.1801,3169.9968,0.6000,0.6000,VALID,294,250,17.6000,0.7976,0.0470
low_flexibility,2,15,6,95,6.3333,3,29,14.7381,27.2251,1.3263,1.1801,3169.9968,0.6000,1.0000,VALID,287,250,14.8000,0.8171,0.0415
low_flexibility,2,15,6,95,6.3333,3,29,14.7381,27.2251,1.3263,1.1801,3169.9968,1.0000,0.0000,VALID,289,250,15.6000,0.8131,0.0479
low_flexibility,2,15,6,95,6.3333,3,29,14.7381,27.2251,1.3263,1.1801,3169.9968,1.0000,0.3000,VALID,308,250,23.2000,0.7673,0.0445
low_flexibility,2,15,6,95,6.3333,3,29,14.7381,27.2251,1.3263,1.1801,3169.9968,1.0000,0.6000,VALID,291,250,16.4000,0.8190,0.0378
low_flexibility,2,15,6,95,6.3333,3,29,14.7381,27.2251,1.3263,1.1801,3169.9968,1.0000,1.0000,VALID,285,250,14.0000,0.8287,0.0418
low_flexibility,3,15,6,92,6.1333,1,32,14.7281,28.8296,1.2391,1.1163,2017.9948,0.0000,0.0000,VALID,321,235,36.5957,0.7113,0.0647
low_flexibility,3,15,6,92,6.1333,1,32,14.7281,28.8296,1.2391,1.1163,2017.9948,0.0000,0.3000,VALID,343,235,45.9574,0.6501,0.0474
low_flexibility,3,15,6,92,6.1333,1,32,14.7281,28.8296,1.2391,1.1163,2017.9948,0.0000,0.6000,VALID,343,235,45.9574,0.6501,0.0366
low_flexibility,3,15,6,92,6.1333,1,32,14.7281,28.8296,1.2391,1.1163,2017.9948,0.0000,1.0000,VALID,339,235,44.2553,0.6588,0.0473
low_flexibility,3,15,6,92,6.1333,1,32,14.7281,28.8296,1.2391,1.1163,2017.9948,0.3000,0.0000,VALID,275,235,17.0213,0.8194,0.0593
low_flexibility,3,15,6,92,6.1333,1,32,14.7281,28.8296,1.2391,1.1163,2017.9948,0.3000,0.3000,VALID,306,235,30.2128,0.7326,0.0415
low_flexibility,3,15,6,92,6.1333,1,32,14.7281,28.8296,1.2391,1.1163,2017.9948,0.3000,0.6000,VALID,333,235,41.7021,0.6732,0.0395
low_flexibility,3,15,6,92,6.1333,1,32,14.7281,28.8296,1.2391,1.1163,2017.9948,0.3000,1.0000,VALID,297,235,26.3830,0.7480,0.0406
low_flexibility,3,15,6,92,6.1333,1,32,14.7281,28.8296,1.2391,1.1163,2017.9948,0.6000,0.0000,VALID,280,235,19.1489,0.8077,0.0367
low_flexibility,3,15,6,92,6.1333,1,32,14.7281,28.8296,1.2391,1.1163,2017.9948,0.6000,0.3000,VALID,275,235,17.0213,0.8230,0.0360
low_flexibility,3,15,6,92,6.1333,1,32,14.7281,28.8296,1.2391,1.1163,2017.9948,0.6000,0.6000,VALID,269,235,14.4681,0.8364,0.0361
low_flexibility,3,15,6,92,6.1333,1,32,14.7281,28.8296,1.2391,1.1163,2017.9948,0.6000,1.0000,VALID,301,235,28.0851,0.7409,0.0413
low_flexibility,3,15,6,92,6.1333,1,32,14.7281,28.8296,1.2391,1.1163,2017.9948,1.0000,0.0000,VALID,275,235,17.0213,0.8230,0.0369
low_flexibility,3,15,6,92,6.1333,1,32,14.7281,28.8296,1.2391,1.1163,2017.9948,1.0000,0.3000,VALID,269,235,14.4681,0.8364,0.0340
low_flexibility,3,15,6,92,6.1333,1,32,14.7281,28.8296,1.2391,1.1163,2017.9948,1.0000,0.6000,VALID,263,235,11.9149,0.8568,0.0347
low_flexibility,3,15,6,92,6.1333,1,32,14.7281,28.8296,1.2391,1.1163,2017.9948,1.0000,1.0000,VALID,285,235,21.2766,0.7971,0.0379
unbalanced,1,20,6,135,6.7500,1,48,18.3447,120.4307,2.1704,1.6397,72758.5000,0.0000,0.0000,VALID,865,792,9.2172,0.4085,0.1318
unbalanced,1,20,6,135,6.7500,1,48,18.3447,120.4307,2.1704,1.6397,72758.5000,0.0000,0.3000,VALID,854,792,7.8283,0.4014,0.0908
unbalanced,1,20,6,135,6.7500,1,48,18.3447,120.4307,2.1704,1.6397,72758.5000,0.0000,0.6000,VALID,899,792,13.5101,0.3747,0.0862
unbalanced,1,20,6,135,6.7500,1,48,18.3447,120.4307,2.1704,1.6397,72758.5000,0.0000,1.0000,VALID,921,792,16.2879,0.3728,0.1239
unbalanced,1,20,6,135,6.7500,1,48,18.3447,120.4307,2.1704,1.6397,72758.5000,0.3000,0.0000,VALID,868,792,9.5960,0.3946,0.0904
unbalanced,1,20,6,135,6.7500,1,48,18.3447,120.4307,2.1704,1.6397,72758.5000,0.3000,0.3000,VALID,872,792,10.1010,0.3920,0.0883
unbalanced,1,20,6,135,6.7500,1,48,18.3447,120.4307,2.1704,1.6397,72758.5000,0.3000,0.6000,VALID,874,792,10.3535,0.3944,0.0902
unbalanced,1,20,6,135,6.7500,1,48,18.3447,120.4307,2.1704,1.6397,72758.5000,0.3000,1.0000,VALID,879,792,10.9848,0.3876,0.0959
unbalanced,1,20,6,135,6.7500,1,48,18.3447,120.4307,2.1704,1.6397,72758.5000,0.6000,0.0000,VALID,854,792,7.8283,0.4143,0.0911
unbalanced,1,20,6,135,6.7500,1,48,18.3447,120.4307,2.1704,1.6397,72758.5000,0.6000,0.3000,VALID,868,792,9.5960,0.4088,0.0901
unbalanced,1,20,6,135,6.7500,1,48,18.3447,120.4307,2.1704,1.6397,72758.5000,0.6000,0.6000,VALID,865,792,9.2172,0.4112,0.0909
unbalanced,1,20,6,135,6.7500,1,48,18.3447,120.4307,2.1704,1.6397,72758.5000,0.6000,1.0000,VALID,871,792,9.9747,0.4024,0.0964
unbalanced,1,20,6,135,6.7500,1,48,18.3447,120.4307,2.1704,1.6397,72758.5000,1.0000,0.0000,VALID,874,792,10.3535,0.4140,0.0896
unbalanced,1,20,6,135,6.7500,1,48,18.3447,120.4307,2.1704,1.6397,72758.5000,1.0000,0.3000,VALID,867,792,9.4697,0.4137,0.0873
unbalanced,1,20,6,135,6.7500,1,48,18.3447,120.4307,2.1704,1.6397,72758.5000,1.0000,0.6000,VALID,862,792,8.8384,0.4149,0.0892
unbalanced,1,20,6,135,6.7500,1,48,18.3447,120.4307,2.1704,1.6397,72758.5000,1.0000,1.0000,VALID,862,792,8.8384,0.4192,0.0903
unbalanced,2,20,6,124,6.2000,1,44,17.5660,119.5739,2.1371,1.5604,86302.7500,0.0000,0.0000,VALID,921,850,8.3529,0.3860,0.0940
unbalanced,2,20,6,124,6.2000,1,44,17.5660,119.5739,2.1371,1.5604,86302.7500,0.0000,0.3000,VALID,921,850,8.3529,0.3860,0.0677
unbalanced,2,20,6,124,6.2000,1,44,17.5660,119.5739,2.1371,1.5604,86302.7500,0.0000,0.6000,VALID,921,850,8.3529,0.3824,0.0612
unbalanced,2,20,6,124,6.2000,1,44,17.5660,119.5739,2.1371,1.5604,86302.7500,0.0000,1.0000,VALID,920,850,8.2353,0.3743,0.0716
unbalanced,2,20,6,124,6.2000,1,44,17.5660,119.5739,2.1371,1.5604,86302.7500,0.3000,0.0000,VALID,883,850,3.8824,0.3998,0.0765
unbalanced,2,20,6,124,6.2000,1,44,17.5660,119.5739,2.1371,1.5604,86302.7500,0.3000,0.3000,VALID,882,850,3.7647,0.4014,0.0792
unbalanced,2,20,6,124,6.2000,1,44,17.5660,119.5739,2.1371,1.5604,86302.7500,0.3000,0.6000,VALID,884,850,4.0000,0.3910,0.0790
unbalanced,2,20,6,124,6.2000,1,44,17.5660,119.5739,2.1371,1.5604,86302.7500,0.3000,1.0000,VALID,884,850,4.0000,0.3914,0.0830
unbalanced,2,20,6,124,6.2000,1,44,17.5660,119.5739,2.1371,1.5604,86302.7500,0.6000,0.0000,VALID,879,850,3.4118,0.3993,0.0783
unbalanced,2,20,6,124,6.2000,1,44,17.5660,119.5739,2.1371,1.5604,86302.7500,0.6000,0.3000,VALID,879,850,3.4118,0.3896,0.0717
unbalanced,2,20,6,124,6.2000,1,44,17.5660,119.5739,2.1371,1.5604,86302.7500,0.6000,0.6000,VALID,879,850,3.4118,0.4126,0.0748
unbalanced,2,20,6,124,6.2000,1,44,17.5660,119.5739,2.1371,1.5604,86302.7500,0.6000,1.0000,VALID,879,850,3.4118,0.4092,0.0763
unbalanced,2,20,6,124,6.2000,1,44,17.5660,119.5739,2.1371,1.5604,86302.7500,1.0000,0.0000,VALID,879,850,3.4118,0.4050,0.0755
unbalanced,2,20,6,124,6.2000,1,44,17.5660,119.5739,2.1371,1.5604,86302.7500,1.0000,0.3000,VALID,879,850,3.4118,0.4050,0.0681
unbalanced,2,20,6,124,6.2000,1,44,17.5660,119.5739,2.1371,1.5604,86302.7500,1.0000,0.6000,VALID,879,850,3.4118,0.4139,0.0742
unbalanced,2,20,6,124,6.2000,1,44,17.5660,119.5739,2.1371,1.5604,86302.7500,1.0000,1.0000,VALID,879,850,3.4118,0.4179,0.0923
unbalanced,3,20,6,131,6.5500,1,54,18.3937,130.8844,1.9389,1.4839,76771.2422,0.0000,0.0000,VALID,881,787,11.9441,0.4417,0.1485
unbalanced,3,20,6,131,6.5500,1,54,18.3937,130.8844,1.9389,1.4839,76771.2422,0.0000,0.3000,VALID,894,787,13.5959,0.4239,0.0836
unbalanced,3,20,6,131,6.5500,1,54,18.3937,130.8844,1.9389,1.4839,76771.2422,0.0000,0.6000,VALID,894,787,13.5959,0.4327,0.0742
unbalanced,3,20,6,131,6.5500,1,54,18.3937,130.8844,1.9389,1.4839,76771.2422,0.0000,1.0000,VALID,842,787,6.9886,0.4281,0.0768
unbalanced,3,20,6,131,6.5500,1,54,18.3937,130.8844,1.9389,1.4839,76771.2422,0.3000,0.0000,VALID,810,787,2.9225,0.4673,0.0830
unbalanced,3,20,6,131,6.5500,1,54,18.3937,130.8844,1.9389,1.4839,76771.2422,0.3000,0.3000,VALID,805,787,2.2872,0.4443,0.1180
unbalanced,3,20,6,131,6.5500,1,54,18.3937,130.8844,1.9389,1.4839,76771.2422,0.3000,0.6000,VALID,805,787,2.2872,0.4449,0.0857
unbalanced,3,20,6,131,6.5500,1,54,18.3937,130.8844,1.9389,1.4839,76771.2422,0.3000,1.0000,VALID,808,787,2.6684,0.4509,0.0902
unbalanced,3,20,6,131,6.5500,1,54,18.3937,130.8844,1.9389,1.4839,76771.2422,0.6000,0.0000,VALID,805,787,2.2872,0.4683,0.0913
unbalanced,3,20,6,131,6.5500,1,54,18.3937,130.8844,1.9389,1.4839,76771.2422,0.6000,0.3000,VALID,805,787,2.2872,0.4453,0.0868
unbalanced,3,20,6,131,6.5500,1,54,18.3937,130.8844,1.9389,1.4839,76771.2422,0.6000,0.6000,VALID,805,787,2.2872,0.4327,0.0829
unbalanced,3,20,6,131,6.5500,1,54,18.3937,130.8844,1.9389,1.4839,76771.2422,0.6000,1.0000,VALID,810,787,2.9225,0.4436,0.0918
unbalanced,3,20,6,131,6.5500,1,54,18.3937,130.8844,1.9389,1.4839,76771.2422,1.0000,0.0000,VALID,796,787,1.1436,0.4627,0.0905
unbalanced,3,20,6,131,6.5500,1,54,18.3937,130.8844,1.9389,1.4839,76771.2422,1.0000,0.3000,VALID,804,787,2.1601,0.4494,0.1240
unbalanced,3,20,6,131,6.5500,1,54,18.3937,130.8844,1.9389,1.4839,76771.2422,1.0000,0.6000,VALID,804,787,2.1601,0.4587,0.0927
unbalanced,3,20,6,131,6.5500,1,54,18.3937,130.8844,1.9389,1.4839,76771.2422,1.0000,1.0000,VALID,810,787,2.9225,0.4436,0.0922
high_variance,1,15,5,91,6.0667,1,102,30.6393,450.9355,2.6813,2.2665,14470.7705,0.0000,0.0000,VALID,627,295,112.5424,0.6466,0.0653
high_variance,1,15,5,91,6.0667,1,102,30.6393,450.9355,2.6813,2.2665,14470.7705,0.0000,0.3000,VALID,520,295,76.2712,0.7654,0.0444
high_variance,1,15,5,91,6.0667,1,102,30.6393,450.9355,2.6813,2.2665,14470.7705,0.0000,0.6000,VALID,524,295,77.6271,0.7084,0.0404
high_variance,1,15,5,91,6.0667,1,102,30.6393,450.9355,2.6813,2.2665,14470.7705,0.0000,1.0000,VALID,563,295,90.8475,0.6622,0.0399
high_variance,1,15,5,91,6.0667,1,102,30.6393,450.9355,2.6813,2.2665,14470.7705,0.3000,0.0000,VALID,522,295,76.9492,0.7023,0.0398
high_variance,1,15,5,91,6.0667,1,102,30.6393,450.9355,2.6813,2.2665,14470.7705,0.3000,0.3000,VALID,501,295,69.8305,0.7561,0.0386
high_variance,1,15,5,91,6.0667,1,102,30.6393,450.9355,2.6813,2.2665,14470.7705,0.3000,0.6000,VALID,460,295,55.9322,0.7800,0.0382
high_variance,1,15,5,91,6.0667,1,102,30.6393,450.9355,2.6813,2.2665,14470.7705,0.3000,1.0000,VALID,425,295,44.0678,0.8569,0.0386
high_variance,1,15,5,91,6.0667,1,102,30.6393,450.9355,2.6813,2.2665,14470.7705,0.6000,0.0000,VALID,522,295,76.9492,0.7169,0.0384
high_variance,1,15,5,91,6.0667,1,102,30.6393,450.9355,2.6813,2.2665,14470.7705,0.6000,0.3000,VALID,500,295,69.4915,0.7728,0.0400
high_variance,1,15,5,91,6.0667,1,102,30.6393,450.9355,2.6813,2.2665,14470.7705,0.6000,0.6000,VALID,504,295,70.8475,0.7167,0.0414
high_variance,1,15,5,91,6.0667,1,102,30.6393,450.9355,2.6813,2.2665,14470.7705,0.6000,1.0000,VALID,461,295,56.2712,0.8304,0.0403
high_variance,1,15,5,91,6.0667,1,102,30.6393,450.9355,2.6813,2.2665,14470.7705,1.0000,0.0000,VALID,507,295,71.8644,0.7858,0.0393
high_variance,1,15,5,91,6.0667,1,102,30.6393,450.9355,2.6813,2.2665,14470.7705,1.0000,0.3000,VALID,506,295,71.5254,0.7372,0.0427
high_variance,1,15,5,91,6.0667,1,102,30.6393,450.9355,2.6813,2.2665,14470.7705,1.0000,0.6000,VALID,518,295,75.5932,0.7614,0.0426
high_variance,1,15,5,91,6.0667,1,102,30.6393,450.9355,2.6813,2.2665,14470.7705,1.0000,1.0000,VALID,479,295,62.3729,0.8514,0.0401
high_variance,2,15,5,91,6.0667,1,122,27.5605,529.2221,2.7253,2.2571,5368.3481,0.0000,0.0000,VALID,432,216,100.0000,0.7264,0.0638
high_variance,2,15,5,91,6.0667,1,122,27.5605,529.2221,2.7253,2.2571,5368.3481,0.0000,0.3000,VALID,410,216,89.8148,0.7502,0.0426
high_variance,2,15,5,91,6.0667,1,122,27.5605,529.2221,2.7253,2.2571,5368.3481,0.0000,0.6000,VALID,322,216,49.0741,0.8845,0.0427
high_variance,2,15,5,91,6.0667,1,122,27.5605,529.2221,2.7253,2.2571,5368.3481,0.0000,1.0000,VALID,342,216,58.3333,0.8474,0.0417
high_variance,2,15,5,91,6.0667,1,122,27.5605,529.2221,2.7253,2.2571,5368.3481,0.3000,0.0000,VALID,353,216,63.4259,0.7513,0.0397
high_variance,2,15,5,91,6.0667,1,122,27.5605,529.2221,2.7253,2.2571,5368.3481,0.3000,0.3000,VALID,393,216,81.9444,0.7298,0.0407
high_variance,2,15,5,91,6.0667,1,122,27.5605,529.2221,2.7253,2.2571,5368.3481,0.3000,0.6000,VALID,385,216,78.2407,0.7304,0.0367
high_variance,2,15,5,91,6.0667,1,122,27.5605,529.2221,2.7253,2.2571,5368.3481,0.3000,1.0000,VALID,396,216,83.3333,0.7505,0.0385
high_variance,2,15,5,91,6.0667,1,122,27.5605,529.2221,2.7253,2.2571,5368.3481,0.6000,0.0000,VALID,332,216,53.7037,0.8470,0.0391
high_variance,2,15,5,91,6.0667,1,122,27.5605,529.2221,2.7253,2.2571,5368.3481,0.6000,0.3000,VALID,438,216,102.7778,0.6530,0.0430
high_variance,2,15,5,91,6.0667,1,122,27.5605,529.2221,2.7253,2.2571,5368.3481,0.6000,0.6000,VALID,369,216,70.8333,0.7648,0.0469
high_variance,2,15,5,91,6.0667,1,122,27.5605,529.2221,2.7253,2.2571,5368.3481,0.6000,1.0000,VALID,316,216,46.2963,0.8627,0.0450
high_variance,2,15,5,91,6.0667,1,122,27.5605,529.2221,2.7253,2.2571,5368.3481,1.0000,0.0000,VALID,319,216,47.6852,0.9216,0.0461
high_variance,2,15,5,91,6.0667,1,122,27.5605,529.2221,2.7253,2.2571,5368.3481,1.0000,0.3000,VALID,296,216,37.0370,0.9527,0.0405
high_variance,2,15,5,91,6.0667,1,122,27.5605,529.2221,2.7253,2.2571,5368.3481,1.0000,0.6000,VALID,402,216,86.1111,0.7716,0.0431
high_variance,2,15,5,91,6.0667,1,122,27.5605,529.2221,2.7253,2.2571,5368.3481,1.0000,1.0000,VALID,309,216,43.0556,0.8854,0.0397
high_variance,3,15,5,84,5.6000,1,98,29.0463,485.5534,2.5714,2.1847,14279.9424,0.0000,0.0000,VALID,611,301,102.9900,0.5791,0.0586
high_variance,3,15,5,84,5.6000,1,98,29.0463,485.5534,2.5714,2.1847,14279.9424,0.0000,0.3000,VALID,566,301,88.0399,0.5753,0.0407
high_variance,3,15,5,84,5.6000,1,98,29.0463,485.5534,2.5714,2.1847,14279.9424,0.0000,0.6000,VALID,518,301,72.0930,0.5579,0.0384
high_variance,3,15,5,84,5.6000,1,98,29.0463,485.5534,2.5714,2.1847,14279.9424,0.0000,1.0000,VALID,437,301,45.1827,0.7703,0.0354
high_variance,3,15,5,84,5.6000,1,98,29.0463,485.5534,2.5714,2.1847,14279.9424,0.3000,0.0000,VALID,587,301,95.0166,0.5543,0.0449
high_variance,3,15,5,84,5.6000,1,98,29.0463,485.5534,2.5714,2.1847,14279.9424,0.3000,0.3000,VALID,493,301,63.7874,0.6122,0.0455
high_variance,3,15,5,84,5.6000,1,98,29.0463,485.5534,2.5714,2.1847,14279.9424,0.3000,0.6000,VALID,489,301,62.4585,0.6364,0.0370
high_variance,3,15,5,84,5.6000,1,98,29.0463,485.5534,2.5714,2.1847,14279.9424,0.3000,1.0000,VALID,412,301,36.8771,0.8150,0.0355
high_variance,3,15,5,84,5.6000,1,98,29.0463,485.5534,2.5714,2.1847,14279.9424,0.6000,0.0000,VALID,495,301,64.4518,0.6715,0.0352
high_variance,3,15,5,84,5.6000,1,98,29.0463,485.5534,2.5714,2.1847,14279.9424,0.6000,0.3000,VALID,502,301,66.7774,0.6462,0.0353
high_variance,3,15,5,84,5.6000,1,98,29.0463,485.5534,2.5714,2.1847,14279.9424,0.6000,0.6000,VALID,438,301,45.5150,0.7219,0.0358
high_variance,3,15,5,84,5.6000,1,98,29.0463,485.5534,2.5714,2.1847,14279.9424,0.6000,1.0000,VALID,440,301,46.1794,0.7691,0.0387
high_variance,3,15,5,84,5.6000,1,98,29.0463,485.5534,2.5714,2.1847,14279.9424,1.0000,0.0000,VALID,474,301,57.4751,0.6654,0.0426
high_variance,3,15,5,84,5.6000,1,98,29.0463,485.5534,2.5714,2.1847,14279.9424,1.0000,0.3000,VALID,484,301,60.7973,0.7037,0.0406
high_variance,3,15,5,84,5.6000,1,98,29.0463,485.5534,2.5714,2.1847,14279.9424,1.0000,0.6000,VALID,439,301,45.8472,0.7112,0.0472
high_variance,3,15,5,84,5.6000,1,98,29.0463,485.5534,2.5714,2.1847,14279.9424,1.0000,1.0000,VALID,436,301,44.8505,0.8018,0.0443
many_jobs_few_mach,1,30,3,140,4.6667,1,24,12.4040,14.0421,2.1571,1.8834,532.6358,0.0000,0.0000,VALID,538,486,10.6996,0.9560,0.1317
many_jobs_few_mach,1,30,3,140,4.6667,1,24,12.4040,14.0421,2.1571,1.8834,532.6358,0.0000,0.3000,VALID,523,486,7.6132,0.9592,0.1064
many_jobs_few_mach,1,30,3,140,4.6667,1,24,12.4040,14.0421,2.1571,1.8834,532.6358,0.0000,0.6000,VALID,517,486,6.3786,0.9626,0.1011
many_jobs_few_mach,1,30,3,140,4.6667,1,24,12.4040,14.0421,2.1571,1.8834,532.6358,0.0000,1.0000,VALID,515,486,5.9671,0.9638,0.1087
many_jobs_few_mach,1,30,3,140,4.6667,1,24,12.4040,14.0421,2.1571,1.8834,532.6358,0.3000,0.0000,VALID,520,486,6.9959,0.9750,0.1355
many_jobs_few_mach,1,30,3,140,4.6667,1,24,12.4040,14.0421,2.1571,1.8834,532.6358,0.3000,0.3000,VALID,511,486,5.1440,0.9870,0.1538
many_jobs_few_mach,1,30,3,140,4.6667,1,24,12.4040,14.0421,2.1571,1.8834,532.6358,0.3000,0.6000,VALID,530,486,9.0535,0.9579,0.1304
many_jobs_few_mach,1,30,3,140,4.6667,1,24,12.4040,14.0421,2.1571,1.8834,532.6358,0.3000,1.0000,VALID,517,486,6.3786,0.9903,0.1520
many_jobs_few_mach,1,30,3,140,4.6667,1,24,12.4040,14.0421,2.1571,1.8834,532.6358,0.6000,0.0000,VALID,526,486,8.2305,0.9937,0.1298
many_jobs_few_mach,1,30,3,140,4.6667,1,24,12.4040,14.0421,2.1571,1.8834,532.6358,0.6000,0.3000,VALID,538,486,10.6996,0.9857,0.1232
many_jobs_few_mach,1,30,3,140,4.6667,1,24,12.4040,14.0421,2.1571,1.8834,532.6358,0.6000,0.6000,VALID,533,486,9.6708,0.9837,0.1249
many_jobs_few_mach,1,30,3,140,4.6667,1,24,12.4040,14.0421,2.1571,1.8834,532.6358,0.6000,1.0000,VALID,540,486,11.1111,0.9858,0.1444
many_jobs_few_mach,1,30,3,140,4.6667,1,24,12.4040,14.0421,2.1571,1.8834,532.6358,1.0000,0.0000,VALID,545,486,12.1399,0.9810,0.1373
many_jobs_few_mach,1,30,3,140,4.6667,1,24,12.4040,14.0421,2.1571,1.8834,532.6358,1.0000,0.3000,VALID,548,486,12.7572,0.9830,0.1259
many_jobs_few_mach,1,30,3,140,4.6667,1,24,12.4040,14.0421,2.1571,1.8834,532.6358,1.0000,0.6000,VALID,554,486,13.9918,0.9807,0.1212
many_jobs_few_mach,1,30,3,140,4.6667,1,24,12.4040,14.0421,2.1571,1.8834,532.6358,1.0000,1.0000,VALID,556,486,14.4033,0.9808,0.1236
many_jobs_few_mach,2,30,3,162,5.4000,1,26,12.4588,18.0836,2.0988,1.8550,216.1543,0.0000,0.0000,VALID,624,547,14.0768,0.9311,0.1418
many_jobs_few_mach,2,30,3,162,5.4000,1,26,12.4588,18.0836,2.0988,1.8550,216.1543,0.0000,0.3000,VALID,612,547,11.8830,0.9444,0.1234
many_jobs_few_mach,2,30,3,162,5.4000,1,26,12.4588,18.0836,2.0988,1.8550,216.1543,0.0000,0.6000,VALID,599,547,9.5064,0.9455,0.1169
many_jobs_few_mach,2,30,3,162,5.4000,1,26,12.4588,18.0836,2.0988,1.8550,216.1543,0.0000,1.0000,VALID,599,547,9.5064,0.9477,0.1546
many_jobs_few_mach,2,30,3,162,5.4000,1,26,12.4588,18.0836,2.0988,1.8550,216.1543,0.3000,0.0000,VALID,578,547,5.6673,0.9815,0.1632
many_jobs_few_mach,2,30,3,162,5.4000,1,26,12.4588,18.0836,2.0988,1.8550,216.1543,0.3000,0.3000,VALID,581,547,6.2157,0.9857,0.1479
many_jobs_few_mach,2,30,3,162,5.4000,1,26,12.4588,18.0836,2.0988,1.8550,216.1543,0.3000,0.6000,VALID,593,547,8.4095,0.9775,0.1473
many_jobs_few_mach,2,30,3,162,5.4000,1,26,12.4588,18.0836,2.0988,1.8550,216.1543,0.3000,1.0000,VALID,587,547,7.3126,0.9705,0.1522
many_jobs_few_mach,2,30,3,162,5.4000,1,26,12.4588,18.0836,2.0988,1.8550,216.1543,0.6000,0.0000,VALID,603,547,10.2377,0.9851,0.1811
many_jobs_few_mach,2,30,3,162,5.4000,1,26,12.4588,18.0836,2.0988,1.8550,216.1543,0.6000,0.3000,VALID,605,547,10.6033,0.9829,0.2165
many_jobs_few_mach,2,30,3,162,5.4000,1,26,12.4588,18.0836,2.0988,1.8550,216.1543,0.6000,0.6000,VALID,596,547,8.9580,0.9793,0.1460
many_jobs_few_mach,2,30,3,162,5.4000,1,26,12.4588,18.0836,2.0988,1.8550,216.1543,0.6000,1.0000,VALID,615,547,12.4314,0.9832,0.1490
many_jobs_few_mach,2,30,3,162,5.4000,1,26,12.4588,18.0836,2.0988,1.8550,216.1543,1.0000,0.0000,VALID,599,547,9.5064,0.9839,0.2069
many_jobs_few_mach,2,30,3,162,5.4000,1,26,12.4588,18.0836,2.0988,1.8550,216.1543,1.0000,0.3000,VALID,622,547,13.7112,0.9893,0.1454
many_jobs_few_mach,2,30,3,162,5.4000,1,26,12.4588,18.0836,2.0988,1.8550,216.1543,1.0000,0.6000,VALID,620,547,13.3455,0.9962,0.1476
many_jobs_few_mach,2,30,3,162,5.4000,1,26,12.4588,18.0836,2.0988,1.8550,216.1543,1.0000,1.0000,VALID,633,547,15.7221,0.9710,0.1513
many_jobs_few_mach,3,30,3,156,5.2000,3,24,12.6355,16.9108,2.0577,1.8104,1109.1543,0.0000,0.0000,VALID,593,540,9.8148,0.9573,0.1175
many_jobs_few_mach,3,30,3,156,5.2000,3,24,12.6355,16.9108,2.0577,1.8104,1109.1543,0.0000,0.3000,VALID,576,540,6.6667,0.9890,0.1098
many_jobs_few_mach,3,30,3,156,5.2000,3,24,12.6355,16.9108,2.0577,1.8104,1109.1543,0.0000,0.6000,VALID,564,540,4.4444,0.9681,0.1109
many_jobs_few_mach,3,30,3,156,5.2000,3,24,12.6355,16.9108,2.0577,1.8104,1109.1543,0.0000,1.0000,VALID,572,540,5.9259,0.9714,0.1148
many_jobs_few_mach,3,30,3,156,5.2000,3,24,12.6355,16.9108,2.0577,1.8104,1109.1543,0.3000,0.0000,VALID,564,540,4.4444,0.9882,0.1473
many_jobs_few_mach,3,30,3,156,5.2000,3,24,12.6355,16.9108,2.0577,1.8104,1109.1543,0.3000,0.3000,VALID,563,540,4.2593,0.9947,0.1578
many_jobs_few_mach,3,30,3,156,5.2000,3,24,12.6355,16.9108,2.0577,1.8104,1109.1543,0.3000,0.6000,VALID,565,540,4.6296,0.9900,0.1422
many_jobs_few_mach,3,30,3,156,5.2000,3,24,12.6355,16.9108,2.0577,1.8104,1109.1543,0.3000,1.0000,VALID,570,540,5.5556,0.9942,0.1546
many_jobs_few_mach,3,30,3,156,5.2000,3,24,12.6355,16.9108,2.0577,1.8104,1109.1543,0.6000,0.0000,VALID,597,540,10.5556,0.9821,0.1408
many_jobs_few_mach,3,30,3,156,5.2000,3,24,12.6355,16.9108,2.0577,1.8104,1109.1543,0.6000,0.3000,VALID,586,540,8.5185,0.9960,0.1398
many_jobs_few_mach,3,30,3,156,5.2000,3,24,12.6355,16.9108,2.0577,1.8104,1109.1543,0.6000,0.6000,VALID,596,540,10.3704,0.9894,0.1363
many_jobs_few_mach,3,30,3,156,5.2000,3,24,12.6355,16.9108,2.0577,1.8104,1109.1543,0.6000,1.0000,VALID,612,540,13.3333,0.9842,0.1415
many_jobs_few_mach,3,30,3,156,5.2000,3,24,12.6355,16.9108,2.0577,1.8104,1109.1543,1.0000,0.0000,VALID,618,540,14.4444,0.9833,0.6414
many_jobs_few_mach,3,30,3,156,5.2000,3,24,12.6355,16.9108,2.0577,1.8104,1109.1543,1.0000,0.3000,VALID,614,540,13.7037,0.9810,0.1757
many_jobs_few_mach,3,30,3,156,5.2000,3,24,12.6355,16.9108,2.0577,1.8104,1109.1543,1.0000,0.6000,VALID,611,540,13.1481,0.9918,0.1416
many_jobs_few_mach,3,30,3,156,5.2000,3,24,12.6355,16.9108,2.0577,1.8104,1109.1543,1.0000,1.0000,VALID,592,540,9.6296,0.9904,0.1728
few_jobs_many_mach,1,4,12,27,6.7500,1,23,12.2670,15.9685,6.5185,5.7951,40.1825,0.0000,0.0000,VALID,98,61,60.6557,0.2474,0.0188
few_jobs_many_mach,1,4,12,27,6.7500,1,23,12.2670,15.9685,6.5185,5.7951,40.1825,0.0000,0.3000,VALID,98,61,60.6557,0.2474,0.0129
few_jobs_many_mach,1,4,12,27,6.7500,1,23,12.2670,15.9685,6.5185,5.7951,40.1825,0.0000,0.6000,VALID,98,61,60.6557,0.2474,0.0086
few_jobs_many_mach,1,4,12,27,6.7500,1,23,12.2670,15.9685,6.5185,5.7951,40.1825,0.0000,1.0000,VALID,98,61,60.6557,0.2474,0.0074
few_jobs_many_mach,1,4,12,27,6.7500,1,23,12.2670,15.9685,6.5185,5.7951,40.1825,0.3000,0.0000,VALID,98,61,60.6557,0.2474,0.0294
few_jobs_many_mach,1,4,12,27,6.7500,1,23,12.2670,15.9685,6.5185,5.7951,40.1825,0.3000,0.3000,VALID,98,61,60.6557,0.2474,0.0087
few_jobs_many_mach,1,4,12,27,6.7500,1,23,12.2670,15.9685,6.5185,5.7951,40.1825,0.3000,0.6000,VALID,98,61,60.6557,0.2474,0.0074
few_jobs_many_mach,1,4,12,27,6.7500,1,23,12.2670,15.9685,6.5185,5.7951,40.1825,0.3000,1.0000,VALID,98,61,60.6557,0.2474,0.0071
few_jobs_many_mach,1,4,12,27,6.7500,1,23,12.2670,15.9685,6.5185,5.7951,40.1825,0.6000,0.0000,VALID,98,61,60.6557,0.2474,0.0067
few_jobs_many_mach,1,4,12,27,6.7500,1,23,12.2670,15.9685,6.5185,5.7951,40.1825,0.6000,0.3000,VALID,98,61,60.6557,0.2474,0.0064
few_jobs_many_mach,1,4,12,27,6.7500,1,23,12.2670,15.9685,6.5185,5.7951,40.1825,0.6000,0.6000,VALID,98,61,60.6557,0.2474,0.0066
few_jobs_many_mach,1,4,12,27,6.7500,1,23,12.2670,15.9685,6.5185,5.7951,40.1825,0.6000,1.0000,VALID,98,61,60.6557,0.2474,0.0068
few_jobs_many_mach,1,4,12,27,6.7500,1,23,12.2670,15.9685,6.5185,5.7951,40.1825,1.0000,0.0000,VALID,98,61,60.6557,0.2474,0.0066
few_jobs_many_mach,1,4,12,27,6.7500,1,23,12.2670,15.9685,6.5185,5.7951,40.1825,1.0000,0.3000,VALID,98,61,60.6557,0.2474,0.0066
few_jobs_many_mach,1,4,12,27,6.7500,1,23,12.2670,15.9685,6.5185,5.7951,40.1825,1.0000,0.6000,VALID,98,61,60.6557,0.2474,0.0066
few_jobs_many_mach,1,4,12,27,6.7500,1,23,12.2670,15.9685,6.5185,5.7951,40.1825,1.0000,1.0000,VALID,98,61,60.6557,0.2474,0.0066
few_jobs_many_mach,2,4,12,25,6.2500,3,28,12.2395,16.3857,6.6800,6.3482,27.2861,0.0000,0.0000,VALID,92,53,73.5849,0.2781,0.0402
few_jobs_many_mach,2,4,12,25,6.2500,3,28,12.2395,16.3857,6.6800,6.3482,27.2861,0.0000,0.3000,VALID,92,53,73.5849,0.2781,0.0531
few_jobs_many_mach,2,4,12,25,6.2500,3,28,12.2395,16.3857,6.6800,6.3482,27.2861,0.0000,0.6000,VALID,92,53,73.5849,0.2781,0.0369
few_jobs_many_mach,2,4,12,25,6.2500,3,28,12.2395,16.3857,6.6800,6.3482,27.2861,0.0000,1.0000,VALID,92,53,73.5849,0.2781,0.0081
few_jobs_many_mach,2,4,12,25,6.2500,3,28,12.2395,16.3857,6.6800,6.3482,27.2861,0.3000,0.0000,VALID,92,53,73.5849,0.2781,0.0065
few_jobs_many_mach,2,4,12,25,6.2500,3,28,12.2395,16.3857,6.6800,6.3482,27.2861,0.3000,0.3000,VALID,92,53,73.5849,0.2781,0.0062
few_jobs_many_mach,2,4,12,25,6.2500,3,28,12.2395,16.3857,6.6800,6.3482,27.2861,0.3000,0.6000,VALID,92,53,73.5849,0.2781,0.2676
few_jobs_many_mach,2,4,12,25,6.2500,3,28,12.2395,16.3857,6.6800,6.3482,27.2861,0.3000,1.0000,VALID,92,53,73.5849,0.2781,0.0109
few_jobs_many_mach,2,4,12,25,6.2500,3,28,12.2395,16.3857,6.6800,6.3482,27.2861,0.6000,0.0000,VALID,92,53,73.5849,0.2781,0.0072
few_jobs_many_mach,2,4,12,25,6.2500,3,28,12.2395,16.3857,6.6800,6.3482,27.2861,0.6000,0.3000,VALID,92,53,73.5849,0.2781,0.0059
few_jobs_many_mach,2,4,12,25,6.2500,3,28,12.2395,16.3857,6.6800,6.3482,27.2861,0.6000,0.6000,VALID,92,53,73.5849,0.2781,0.0089
few_jobs_many_mach,2,4,12,25,6.2500,3,28,12.2395,16.3857,6.6800,6.3482,27.2861,0.6000,1.0000,VALID,92,53,73.5849,0.2781,0.0107
few_jobs_many_mach,2,4,12,25,6.2500,3,28,12.2395,16.3857,6.6800,6.3482,27.2861,1.0000,0.0000,VALID,92,53,73.5849,0.2781,0.0114
few_jobs_many_mach,2,4,12,25,6.2500,3,28,12.2395,16.3857,6.6800,6.3482,27.2861,1.0000,0.3000,VALID,92,53,73.5849,0.2781,0.0083
few_jobs_many_mach,2,4,12,25,6.2500,3,28,12.2395,16.3857,6.6800,6.3482,27.2861,1.0000,0.6000,VALID,92,53,73.5849,0.2781,0.0069
few_jobs_many_mach,2,4,12,25,6.2500,3,28,12.2395,16.3857,6.6800,6.3482,27.2861,1.0000,1.0000,VALID,92,53,73.5849,0.2781,0.0059
few_jobs_many_mach,3,4,12,27,6.7500,3,24,12.2442,16.7776,6.3704,6.0282,24.3163,0.0000,0.0000,VALID,95,69,37.6812,0.2719,0.0158
few_jobs_many_mach,3,4,12,27,6.7500,3,24,12.2442,16.7776,6.3704,6.0282,24.3163,0.0000,0.3000,VALID,95,69,37.6812,0.2719,0.0119
few_jobs_many_mach,3,4,12,27,6.7500,3,24,12.2442,16.7776,6.3704,6.0282,24.3163,0.0000,0.6000,VALID,95,69,37.6812,0.2719,0.0080
few_jobs_many_mach,3,4,12,27,6.7500,3,24,12.2442,16.7776,6.3704,6.0282,24.3163,0.0000,1.0000,VALID,95,69,37.6812,0.2719,0.0071
few_jobs_many_mach,3,4,12,27,6.7500,3,24,12.2442,16.7776,6.3704,6.0282,24.3163,0.3000,0.0000,VALID,95,69,37.6812,0.2719,0.0069
few_jobs_many_mach,3,4,12,27,6.7500,3,24,12.2442,16.7776,6.3704,6.0282,24.3163,0.3000,0.3000,VALID,95,69,37.6812,0.2719,0.0068
few_jobs_many_mach,3,4,12,27,6.7500,3,24,12.2442,16.7776,6.3704,6.0282,24.3163,0.3000,0.6000,VALID,95,69,37.6812,0.2719,0.0065
few_jobs_many_mach,3,4,12,27,6.7500,3,24,12.2442,16.7776,6.3704,6.0282,24.3163,0.3000,1.0000,VALID,95,69,37.6812,0.2719,0.0066
few_jobs_many_mach,3,4,12,27,6.7500,3,24,12.2442,16.7776,6.3704,6.0282,24.3163,0.6000,0.0000,VALID,95,69,37.6812,0.2719,0.0065
few_jobs_many_mach,3,4,12,27,6.7500,3,24,12.2442,16.7776,6.3704,6.0282,24.3163,0.6000,0.3000,VALID,95,69,37.6812,0.2719,0.0065
few_jobs_many_mach,3,4,12,27,6.7500,3,24,12.2442,16.7776,6.3704,6.0282,24.3163,0.6000,0.6000,VALID,95,69,37.6812,0.2719,0.0064
few_jobs_many_mach,3,4,12,27,6.7500,3,24,12.2442,16.7776,6.3704,6.0282,24.3163,0.6000,1.0000,VALID,95,69,37.6812,0.2719,0.0067
few_jobs_many_mach,3,4,12,27,6.7500,3,24,12.2442,16.7776,6.3704,6.0282,24.3163,1.0000,0.0000,VALID,95,69,37.6812,0.2719,0.0066
few_jobs_many_mach,3,4,12,27,6.7500,3,24,12.2442,16.7776,6.3704,6.0282,24.3163,1.0000,0.3000,VALID,95,69,37.6812,0.2719,0.0064
few_jobs_many_mach,3,4,12,27,6.7500,3,24,12.2442,16.7776,6.3704,6.0282,24.3163,1.0000,0.6000,VALID,95,69,37.6812,0.2719,0.0065
few_jobs_many_mach,3,4,12,27,6.7500,3,24,12.2442,16.7776,6.3704,6.0282,24.3163,1.0000,1.0000,VALID,95,69,37.6812,0.2719,0.0065
edge_single_machine,-1,5,1,20,4.0000,3,6,4.5000,1.2500,1.0000,1.0000,0.0000,0.0000,0.0000,VALID,90,90,0.0000,1.0000,0.0297
edge_single_machine,-1,5,1,20,4.0000,3,6,4.5000,1.2500,1.0000,1.0000,0.0000,0.0000,0.3000,VALID,90,90,0.0000,1.0000,0.0059
edge_single_machine,-1,5,1,20,4.0000,3,6,4.5000,1.2500,1.0000,1.0000,0.0000,0.0000,0.6000,VALID,90,90,0.0000,1.0000,0.0041
edge_single_machine,-1,5,1,20,4.0000,3,6,4.5000,1.2500,1.0000,1.0000,0.0000,0.0000,1.0000,VALID,90,90,0.0000,1.0000,0.0047
edge_single_machine,-1,5,1,20,4.0000,3,6,4.5000,1.2500,1.0000,1.0000,0.0000,0.3000,0.0000,VALID,90,90,0.0000,1.0000,0.0051
edge_single_machine,-1,5,1,20,4.0000,3,6,4.5000,1.2500,1.0000,1.0000,0.0000,0.3000,0.3000,VALID,90,90,0.0000,1.0000,0.0042
edge_single_machine,-1,5,1,20,4.0000,3,6,4.5000,1.2500,1.0000,1.0000,0.0000,0.3000,0.6000,VALID,90,90,0.0000,1.0000,0.0041
edge_single_machine,-1,5,1,20,4.0000,3,6,4.5000,1.2500,1.0000,1.0000,0.0000,0.3000,1.0000,VALID,90,90,0.0000,1.0000,0.0040
edge_single_machine,-1,5,1,20,4.0000,3,6,4.5000,1.2500,1.0000,1.0000,0.0000,0.6000,0.0000,VALID,90,90,0.0000,1.0000,0.0040
edge_single_machine,-1,5,1,20,4.0000,3,6,4.5000,1.2500,1.0000,1.0000,0.0000,0.6000,0.3000,VALID,90,90,0.0000,1.0000,0.0039
edge_single_machine,-1,5,1,20,4.0000,3,6,4.5000,1.2500,1.0000,1.0000,0.0000,0.6000,0.6000,VALID,90,90,0.0000,1.0000,0.0071
edge_single_machine,-1,5,1,20,4.0000,3,6,4.5000,1.2500,1.0000,1.0000,0.0000,0.6000,1.0000,VALID,90,90,0.0000,1.0000,0.1313
edge_single_machine,-1,5,1,20,4.0000,3,6,4.5000,1.2500,1.0000,1.0000,0.0000,1.0000,0.0000,VALID,90,90,0.0000,1.0000,0.1456
edge_single_machine,-1,5,1,20,4.0000,3,6,4.5000,1.2500,1.0000,1.0000,0.0000,1.0000,0.3000,VALID,90,90,0.0000,1.0000,0.0057
edge_single_machine,-1,5,1,20,4.0000,3,6,4.5000,1.2500,1.0000,1.0000,0.0000,1.0000,0.6000,VALID,90,90,0.0000,1.0000,0.0041
edge_single_machine,-1,5,1,20,4.0000,3,6,4.5000,1.2500,1.0000,1.0000,0.0000,1.0000,1.0000,VALID,90,90,0.0000,1.0000,0.0037
edge_one_job,-1,1,3,8,8.0000,3,9,5.6667,6.2222,3.0000,3.0000,44.2469,0.0000,0.0000,VALID,40,24,66.6667,0.3333,0.0030
edge_one_job,-1,1,3,8,8.0000,3,9,5.6667,6.2222,3.0000,3.0000,44.2469,0.0000,0.3000,VALID,40,24,66.6667,0.3333,0.0194
edge_one_job,-1,1,3,8,8.0000,3,9,5.6667,6.2222,3.0000,3.0000,44.2469,0.0000,0.6000,VALID,40,24,66.6667,0.3333,0.0021
edge_one_job,-1,1,3,8,8.0000,3,9,5.6667,6.2222,3.0000,3.0000,44.2469,0.0000,1.0000,VALID,40,24,66.6667,0.3333,0.0011
edge_one_job,-1,1,3,8,8.0000,3,9,5.6667,6.2222,3.0000,3.0000,44.2469,0.3000,0.0000,VALID,40,24,66.6667,0.3333,0.0014
edge_one_job,-1,1,3,8,8.0000,3,9,5.6667,6.2222,3.0000,3.0000,44.2469,0.3000,0.3000,VALID,40,24,66.6667,0.3333,0.0011
edge_one_job,-1,1,3,8,8.0000,3,9,5.6667,6.2222,3.0000,3.0000,44.2469,0.3000,0.6000,VALID,40,24,66.6667,0.3333,0.0010
edge_one_job,-1,1,3,8,8.0000,3,9,5.6667,6.2222,3.0000,3.0000,44.2469,0.3000,1.0000,VALID,40,24,66.6667,0.3333,0.0010
edge_one_job,-1,1,3,8,8.0000,3,9,5.6667,6.2222,3.0000,3.0000,44.2469,0.6000,0.0000,VALID,40,24,66.6667,0.3333,0.0010
edge_one_job,-1,1,3,8,8.0000,3,9,5.6667,6.2222,3.0000,3.0000,44.2469,0.6000,0.3000,VALID,40,24,66.6667,0.3333,0.0010
edge_one_job,-1,1,3,8,8.0000,3,9,5.6667,6.2222,3.0000,3.0000,44.2469,0.6000,0.6000,VALID,40,24,66.6667,0.3333,0.0010
edge_one_job,-1,1,3,8,8.0000,3,9,5.6667,6.2222,3.0000,3.0000,44.2469,0.6000,1.0000,VALID,40,24,66.6667,0.3333,0.0010
edge_one_job,-1,1,3,8,8.0000,3,9,5.6667,6.2222,3.0000,3.0000,44.2469,1.0000,0.0000,VALID,40,24,66.6667,0.3333,0.0011
edge_one_job,-1,1,3,8,8.0000,3,9,5.6667,6.2222,3.0000,3.0000,44.2469,1.0000,0.3000,VALID,40,24,66.6667,0.3333,0.0011
edge_one_job,-1,1,3,8,8.0000,3,9,5.6667,6.2222,3.0000,3.0000,44.2469,1.0000,0.6000,VALID,40,24,66.6667,0.3333,0.0010
edge_one_job,-1,1,3,8,8.0000,3,9,5.6667,6.2222,3.0000,3.0000,44.2469,1.0000,1.0000,VALID,40,24,66.6667,0.3333,0.0010
edge_one_bottleneck,-1,12,4,24,2.0000,4,6,5.5000,0.7500,2.0000,1.5000,108.0000,0.0000,0.0000,VALID,54,48,12.5000,0.5556,0.0286
edge_one_bottleneck,-1,12,4,24,2.0000,4,6,5.5000,0.7500,2.0000,1.5000,108.0000,0.0000,0.3000,VALID,54,48,12.5000,0.5556,0.0115
edge_one_bottleneck,-1,12,4,24,2.0000,4,6,5.5000,0.7500,2.0000,1.5000,108.0000,0.0000,0.6000,VALID,54,48,12.5000,0.5556,0.0130
edge_one_bottleneck,-1,12,4,24,2.0000,4,6,5.5000,0.7500,2.0000,1.5000,108.0000,0.0000,1.0000,VALID,54,48,12.5000,0.5556,0.0080
edge_one_bottleneck,-1,12,4,24,2.0000,4,6,5.5000,0.7500,2.0000,1.5000,108.0000,0.3000,0.0000,VALID,54,48,12.5000,0.5556,0.0067
edge_one_bottleneck,-1,12,4,24,2.0000,4,6,5.5000,0.7500,2.0000,1.5000,108.0000,0.3000,0.3000,VALID,54,48,12.5000,0.5556,0.0059
edge_one_bottleneck,-1,12,4,24,2.0000,4,6,5.5000,0.7500,2.0000,1.5000,108.0000,0.3000,0.6000,VALID,54,48,12.5000,0.5556,0.0058
edge_one_bottleneck,-1,12,4,24,2.0000,4,6,5.5000,0.7500,2.0000,1.5000,108.0000,0.3000,1.0000,VALID,54,48,12.5000,0.5556,0.0081
edge_one_bottleneck,-1,12,4,24,2.0000,4,6,5.5000,0.7500,2.0000,1.5000,108.0000,0.6000,0.0000,VALID,54,48,12.5000,0.5556,0.0063
edge_one_bottleneck,-1,12,4,24,2.0000,4,6,5.5000,0.7500,2.0000,1.5000,108.0000,0.6000,0.3000,VALID,54,48,12.5000,0.5556,0.0056
edge_one_bottleneck,-1,12,4,24,2.0000,4,6,5.5000,0.7500,2.0000,1.5000,108.0000,0.6000,0.6000,VALID,54,48,12.5000,0.5556,0.0056
edge_one_bottleneck,-1,12,4,24,2.0000,4,6,5.5000,0.7500,2.0000,1.5000,108.0000,0.6000,1.0000,VALID,54,48,12.5000,0.5556,0.0055
edge_one_bottleneck,-1,12,4,24,2.0000,4,6,5.5000,0.7500,2.0000,1.5000,108.0000,1.0000,0.0000,VALID,54,48,12.5000,0.5556,0.0057
edge_one_bottleneck,-1,12,4,24,2.0000,4,6,5.5000,0.7500,2.0000,1.5000,108.0000,1.0000,0.3000,VALID,54,48,12.5000,0.5556,0.0056
edge_one_bottleneck,-1,12,4,24,2.0000,4,6,5.5000,0.7500,2.0000,1.5000,108.0000,1.0000,0.6000,VALID,54,48,12.5000,0.5556,0.0056
edge_one_bottleneck,-1,12,4,24,2.0000,4,6,5.5000,0.7500,2.0000,1.5000,108.0000,1.0000,1.0000,VALID,54,48,12.5000,0.5556,0.0056
edge_extreme_gap,-1,6,2,18,3.0000,1,10000,5000.5000,24995000.0000,2.0000,2.0000,2024595072.0000,0.0000,0.0000,VALID,10002,9,111033.3333,0.5007,0.0198
edge_extreme_gap,-1,6,2,18,3.0000,1,10000,5000.5000,24995000.0000,2.0000,2.0000,2024595072.0000,0.0000,0.3000,VALID,10002,9,111033.3333,0.5007,0.0054
edge_extreme_gap,-1,6,2,18,3.0000,1,10000,5000.5000,24995000.0000,2.0000,2.0000,2024595072.0000,0.0000,0.6000,VALID,10002,9,111033.3333,0.5007,0.0036
edge_extreme_gap,-1,6,2,18,3.0000,1,10000,5000.5000,24995000.0000,2.0000,2.0000,2024595072.0000,0.0000,1.0000,VALID,10002,9,111033.3333,0.5007,0.0034
edge_extreme_gap,-1,6,2,18,3.0000,1,10000,5000.5000,24995000.0000,2.0000,2.0000,2024595072.0000,0.3000,0.0000,VALID,10002,9,111033.3333,0.5007,0.0044
edge_extreme_gap,-1,6,2,18,3.0000,1,10000,5000.5000,24995000.0000,2.0000,2.0000,2024595072.0000,0.3000,0.3000,VALID,10002,9,111033.3333,0.5007,0.0038
edge_extreme_gap,-1,6,2,18,3.0000,1,10000,5000.5000,24995000.0000,2.0000,2.0000,2024595072.0000,0.3000,0.6000,VALID,10002,9,111033.3333,0.5007,0.0035
edge_extreme_gap,-1,6,2,18,3.0000,1,10000,5000.5000,24995000.0000,2.0000,2.0000,2024595072.0000,0.3000,1.0000,VALID,10002,9,111033.3333,0.5007,0.0035
edge_extreme_gap,-1,6,2,18,3.0000,1,10000,5000.5000,24995000.0000,2.0000,2.0000,2024595072.0000,0.6000,0.0000,VALID,10002,9,111033.3333,0.5007,0.0034
edge_extreme_gap,-1,6,2,18,3.0000,1,10000,5000.5000,24995000.0000,2.0000,2.0000,2024595072.0000,0.6000,0.3000,VALID,10002,9,111033.3333,0.5007,0.0036
edge_extreme_gap,-1,6,2,18,3.0000,1,10000,5000.5000,24995000.0000,2.0000,2.0000,2024595072.0000,0.6000,0.6000,VALID,10002,9,111033.3333,0.5007,0.0035
edge_extreme_gap,-1,6,2,18,3.0000,1,10000,5000.5000,24995000.0000,2.0000,2.0000,2024595072.0000,0.6000,1.0000,VALID,10002,9,111033.3333,0.5007,0.0035
edge_extreme_gap,-1,6,2,18,3.0000,1,10000,5000.5000,24995000.0000,2.0000,2.0000,2024595072.0000,1.0000,0.0000,VALID,10002,9,111033.3333,0.5007,0.0035
edge_extreme_gap,-1,6,2,18,3.0000,1,10000,5000.5000,24995000.0000,2.0000,2.0000,2024595072.0000,1.0000,0.3000,VALID,10002,9,111033.3333,0.5007,0.0034
edge_extreme_gap,-1,6,2,18,3.0000,1,10000,5000.5000,24995000.0000,2.0000,2.0000,2024595072.0000,1.0000,0.6000,VALID,10002,9,111033.3333,0.5007,0.0033
edge_extreme_gap,-1,6,2,18,3.0000,1,10000,5000.5000,24995000.0000,2.0000,2.0000,2024595072.0000,1.0000,1.0000,VALID,10002,9,111033.3333,0.5007,0.0033
edge_machine_advantage,-1,8,3,32,4.0000,5,20,15.0000,50.0000,3.0000,3.0000,5688.8887,0.0000,0.0000,VALID,120,54,122.2222,0.9028,0.0234
edge_machine_advantage,-1,8,3,32,4.0000,5,20,15.0000,50.0000,3.0000,3.0000,5688.8887,0.0000,0.3000,VALID,120,54,122.2222,0.9028,0.0083
edge_machine_advantage,-1,8,3,32,4.0000,5,20,15.0000,50.0000,3.0000,3.0000,5688.8887,0.0000,0.6000,VALID,120,54,122.2222,0.9028,0.0060
edge_machine_advantage,-1,8,3,32,4.0000,5,20,15.0000,50.0000,3.0000,3.0000,5688.8887,0.0000,1.0000,VALID,120,54,122.2222,0.9028,0.0056
edge_machine_advantage,-1,8,3,32,4.0000,5,20,15.0000,50.0000,3.0000,3.0000,5688.8887,0.3000,0.0000,VALID,120,54,122.2222,0.9028,0.0093
edge_machine_advantage,-1,8,3,32,4.0000,5,20,15.0000,50.0000,3.0000,3.0000,5688.8887,0.3000,0.3000,VALID,120,54,122.2222,0.9028,0.0071
edge_machine_advantage,-1,8,3,32,4.0000,5,20,15.0000,50.0000,3.0000,3.0000,5688.8887,0.3000,0.6000,VALID,120,54,122.2222,0.9028,0.0062
edge_machine_advantage,-1,8,3,32,4.0000,5,20,15.0000,50.0000,3.0000,3.0000,5688.8887,0.3000,1.0000,VALID,120,54,122.2222,0.9028,0.0060
edge_machine_advantage,-1,8,3,32,4.0000,5,20,15.0000,50.0000,3.0000,3.0000,5688.8887,0.6000,0.0000,VALID,120,54,122.2222,0.9028,0.0059
edge_machine_advantage,-1,8,3,32,4.0000,5,20,15.0000,50.0000,3.0000,3.0000,5688.8887,0.6000,0.3000,VALID,120,54,122.2222,0.9028,0.0060
edge_machine_advantage,-1,8,3,32,4.0000,5,20,15.0000,50.0000,3.0000,3.0000,5688.8887,0.6000,0.6000,VALID,120,54,122.2222,0.9028,0.0057
edge_machine_advantage,-1,8,3,32,4.0000,5,20,15.0000,50.0000,3.0000,3.0000,5688.8887,0.6000,1.0000,VALID,120,54,122.2222,0.9028,0.0059
edge_machine_advantage,-1,8,3,32,4.0000,5,20,15.0000,50.0000,3.0000,3.0000,5688.8887,1.0000,0.0000,VALID,120,54,122.2222,0.9028,0.0059
edge_machine_advantage,-1,8,3,32,4.0000,5,20,15.0000,50.0000,3.0000,3.0000,5688.8887,1.0000,0.3000,VALID,120,54,122.2222,0.9028,0.0058
edge_machine_advantage,-1,8,3,32,4.0000,5,20,15.0000,50.0000,3.0000,3.0000,5688.8887,1.0000,0.6000,VALID,120,54,122.2222,0.9028,0.0057
edge_machine_advantage,-1,8,3,32,4.0000,5,20,15.0000,50.0000,3.0000,3.0000,5688.8887,1.0000,1.0000,VALID,120,54,122.2222,0.9028,0.0058
edge_identical_times,-1,10,4,50,5.0000,7,7,7.0000,0.0000,4.0000,4.0000,0.0000,0.0000,0.0000,VALID,105,88,19.3182,0.8333,0.0292
edge_identical_times,-1,10,4,50,5.0000,7,7,7.0000,0.0000,4.0000,4.0000,0.0000,0.0000,0.3000,VALID,105,88,19.3182,0.8333,0.0164
edge_identical_times,-1,10,4,50,5.0000,7,7,7.0000,0.0000,4.0000,4.0000,0.0000,0.0000,0.6000,VALID,105,88,19.3182,0.8333,0.0120
edge_identical_times,-1,10,4,50,5.0000,7,7,7.0000,0.0000,4.0000,4.0000,0.0000,0.0000,1.0000,VALID,105,88,19.3182,0.8333,0.0115
edge_identical_times,-1,10,4,50,5.0000,7,7,7.0000,0.0000,4.0000,4.0000,0.0000,0.3000,0.0000,VALID,91,88,3.4091,0.9615,0.0266
edge_identical_times,-1,10,4,50,5.0000,7,7,7.0000,0.0000,4.0000,4.0000,0.0000,0.3000,0.3000,VALID,91,88,3.4091,0.9615,0.0140
edge_identical_times,-1,10,4,50,5.0000,7,7,7.0000,0.0000,4.0000,4.0000,0.0000,0.3000,0.6000,VALID,91,88,3.4091,0.9615,0.0130
edge_identical_times,-1,10,4,50,5.0000,7,7,7.0000,0.0000,4.0000,4.0000,0.0000,0.3000,1.0000,VALID,91,88,3.4091,0.9615,0.0123
edge_identical_times,-1,10,4,50,5.0000,7,7,7.0000,0.0000,4.0000,4.0000,0.0000,0.6000,0.0000,VALID,91,88,3.4091,0.9615,0.0124
edge_identical_times,-1,10,4,50,5.0000,7,7,7.0000,0.0000,4.0000,4.0000,0.0000,0.6000,0.3000,VALID,91,88,3.4091,0.9615,0.0124
edge_identical_times,-1,10,4,50,5.0000,7,7,7.0000,0.0000,4.0000,4.0000,0.0000,0.6000,0.6000,VALID,91,88,3.4091,0.9615,0.0120
edge_identical_times,-1,10,4,50,5.0000,7,7,7.0000,0.0000,4.0000,4.0000,0.0000,0.6000,1.0000,VALID,91,88,3.4091,0.9615,0.0121
edge_identical_times,-1,10,4,50,5.0000,7,7,7.0000,0.0000,4.0000,4.0000,0.0000,1.0000,0.0000,VALID,91,88,3.4091,0.9615,0.0121
edge_identical_times,-1,10,4,50,5.0000,7,7,7.0000,0.0000,4.0000,4.0000,0.0000,1.0000,0.3000,VALID,91,88,3.4091,0.9615,0.0120
edge_identical_times,-1,10,4,50,5.0000,7,7,7.0000,0.0000,4.0000,4.0000,0.0000,1.0000,0.6000,VALID,91,88,3.4091,0.9615,0.0121
edge_identical_times,-1,10,4,50,5.0000,7,7,7.0000,0.0000,4.0000,4.0000,0.0000,1.0000,1.0000,VALID,91,88,3.4091,0.9615,0.0171
edge_long_chain,-1,7,2,52,7.4286,2,12,8.9231,15.1479,2.0000,2.0000,400.0000,0.0000,0.0000,VALID,412,400,3.0000,0.5146,0.0245
edge_long_chain,-1,7,2,52,7.4286,2,12,8.9231,15.1479,2.0000,2.0000,400.0000,0.0000,0.3000,VALID,412,400,3.0000,0.5146,0.0105
edge_long_chain,-1,7,2,52,7.4286,2,12,8.9231,15.1479,2.0000,2.0000,400.0000,0.0000,0.6000,VALID,412,400,3.0000,0.5146,0.0087
edge_long_chain,-1,7,2,52,7.4286,2,12,8.9231,15.1479,2.0000,2.0000,400.0000,0.0000,1.0000,VALID,400,400,0.0000,0.5300,0.0093
edge_long_chain,-1,7,2,52,7.4286,2,12,8.9231,15.1479,2.0000,2.0000,400.0000,0.3000,0.0000,VALID,412,400,3.0000,0.5146,0.0097
edge_long_chain,-1,7,2,52,7.4286,2,12,8.9231,15.1479,2.0000,2.0000,400.0000,0.3000,0.3000,VALID,412,400,3.0000,0.5146,0.0085
edge_long_chain,-1,7,2,52,7.4286,2,12,8.9231,15.1479,2.0000,2.0000,400.0000,0.3000,0.6000,VALID,412,400,3.0000,0.5146,0.0084
edge_long_chain,-1,7,2,52,7.4286,2,12,8.9231,15.1479,2.0000,2.0000,400.0000,0.3000,1.0000,VALID,404,400,1.0000,0.5248,0.0097
edge_long_chain,-1,7,2,52,7.4286,2,12,8.9231,15.1479,2.0000,2.0000,400.0000,0.6000,0.0000,VALID,412,400,3.0000,0.5146,0.0084
edge_long_chain,-1,7,2,52,7.4286,2,12,8.9231,15.1479,2.0000,2.0000,400.0000,0.6000,0.3000,VALID,412,400,3.0000,0.5146,0.0084
edge_long_chain,-1,7,2,52,7.4286,2,12,8.9231,15.1479,2.0000,2.0000,400.0000,0.6000,0.6000,VALID,410,400,2.5000,0.5171,0.0086
edge_long_chain,-1,7,2,52,7.4286,2,12,8.9231,15.1479,2.0000,2.0000,400.0000,0.6000,1.0000,VALID,406,400,1.5000,0.5222,0.0092
edge_long_chain,-1,7,2,52,7.4286,2,12,8.9231,15.1479,2.0000,2.0000,400.0000,1.0000,0.0000,VALID,412,400,3.0000,0.5146,0.0083
edge_long_chain,-1,7,2,52,7.4286,2,12,8.9231,15.1479,2.0000,2.0000,400.0000,1.0000,0.3000,VALID,410,400,2.5000,0.5171,0.0083
edge_long_chain,-1,7,2,52,7.4286,2,12,8.9231,15.1479,2.0000,2.0000,400.0000,1.0000,0.6000,VALID,408,400,2.0000,0.5196,0.0087
edge_long_chain,-1,7,2,52,7.4286,2,12,8.9231,15.1479,2.0000,2.0000,400.0000,1.0000,1.0000,VALID,406,400,1.5000,0.5222,0.0086
edge_many_short_ops,-1,20,3,300,15.0000,1,2,1.3333,0.2222,3.0000,3.0000,2222.2222,0.0000,0.0000,VALID,125,100,25.0000,0.9520,0.1133
edge_many_short_ops,-1,20,3,300,15.0000,1,2,1.3333,0.2222,3.0000,3.0000,2222.2222,0.0000,0.3000,VALID,125,100,25.0000,0.9520,0.1016
edge_many_short_ops,-1,20,3,300,15.0000,1,2,1.3333,0.2222,3.0000,3.0000,2222.2222,0.0000,0.6000,VALID,125,100,25.0000,0.9520,0.0923
edge_many_short_ops,-1,20,3,300,15.0000,1,2,1.3333,0.2222,3.0000,3.0000,2222.2222,0.0000,1.0000,VALID,125,100,25.0000,0.9520,0.0901
edge_many_short_ops,-1,20,3,300,15.0000,1,2,1.3333,0.2222,3.0000,3.0000,2222.2222,0.3000,0.0000,VALID,120,100,20.0000,1.0000,0.1783
edge_many_short_ops,-1,20,3,300,15.0000,1,2,1.3333,0.2222,3.0000,3.0000,2222.2222,0.3000,0.3000,VALID,120,100,20.0000,1.0000,0.1693
edge_many_short_ops,-1,20,3,300,15.0000,1,2,1.3333,0.2222,3.0000,3.0000,2222.2222,0.3000,0.6000,VALID,120,100,20.0000,1.0000,0.1274
edge_many_short_ops,-1,20,3,300,15.0000,1,2,1.3333,0.2222,3.0000,3.0000,2222.2222,0.3000,1.0000,VALID,120,100,20.0000,1.0000,0.1393
edge_many_short_ops,-1,20,3,300,15.0000,1,2,1.3333,0.2222,3.0000,3.0000,2222.2222,0.6000,0.0000,VALID,120,100,20.0000,1.0000,0.1244
edge_many_short_ops,-1,20,3,300,15.0000,1,2,1.3333,0.2222,3.0000,3.0000,2222.2222,0.6000,0.3000,VALID,120,100,20.0000,1.0000,0.1523
edge_many_short_ops,-1,20,3,300,15.0000,1,2,1.3333,0.2222,3.0000,3.0000,2222.2222,0.6000,0.6000,VALID,120,100,20.0000,1.0000,0.1288
edge_many_short_ops,-1,20,3,300,15.0000,1,2,1.3333,0.2222,3.0000,3.0000,2222.2222,0.6000,1.0000,VALID,120,100,20.0000,1.0000,0.1305
edge_many_short_ops,-1,20,3,300,15.0000,1,2,1.3333,0.2222,3.0000,3.0000,2222.2222,1.0000,0.0000,VALID,120,100,20.0000,1.0000,0.1205
edge_many_short_ops,-1,20,3,300,15.0000,1,2,1.3333,0.2222,3.0000,3.0000,2222.2222,1.0000,0.3000,VALID,120,100,20.0000,1.0000,0.1195
edge_many_short_ops,-1,20,3,300,15.0000,1,2,1.3333,0.2222,3.0000,3.0000,2222.2222,1.0000,0.6000,VALID,120,100,20.0000,1.0000,0.1262
edge_many_short_ops,-1,20,3,300,15.0000,1,2,1.3333,0.2222,3.0000,3.0000,2222.2222,1.0000,1.0000,VALID,120,100,20.0000,1.0000,0.1340
edge_zero_flexibility,-1,10,4,50,5.0000,5,11,7.1400,4.4404,1.0000,1.0000,56.1875,0.0000,0.0000,VALID,117,97,20.6186,0.7628,0.0344
edge_zero_flexibility,-1,10,4,50,5.0000,5,11,7.1400,4.4404,1.0000,1.0000,56.1875,0.0000,0.3000,VALID,117,97,20.6186,0.7628,0.0166
edge_zero_flexibility,-1,10,4,50,5.0000,5,11,7.1400,4.4404,1.0000,1.0000,56.1875,0.0000,0.6000,VALID,117,97,20.6186,0.7628,0.0114
edge_zero_flexibility,-1,10,4,50,5.0000,5,11,7.1400,4.4404,1.0000,1.0000,56.1875,0.0000,1.0000,VALID,117,97,20.6186,0.7628,0.0129
edge_zero_flexibility,-1,10,4,50,5.0000,5,11,7.1400,4.4404,1.0000,1.0000,56.1875,0.3000,0.0000,VALID,97,97,0.0000,0.9201,0.0149
edge_zero_flexibility,-1,10,4,50,5.0000,5,11,7.1400,4.4404,1.0000,1.0000,56.1875,0.3000,0.3000,VALID,97,97,0.0000,0.9201,0.0130
edge_zero_flexibility,-1,10,4,50,5.0000,5,11,7.1400,4.4404,1.0000,1.0000,56.1875,0.3000,0.6000,VALID,97,97,0.0000,0.9201,0.0144
edge_zero_flexibility,-1,10,4,50,5.0000,5,11,7.1400,4.4404,1.0000,1.0000,56.1875,0.3000,1.0000,VALID,97,97,0.0000,0.9201,0.0131
edge_zero_flexibility,-1,10,4,50,5.0000,5,11,7.1400,4.4404,1.0000,1.0000,56.1875,0.6000,0.0000,VALID,97,97,0.0000,0.9201,0.0132
edge_zero_flexibility,-1,10,4,50,5.0000,5,11,7.1400,4.4404,1.0000,1.0000,56.1875,0.6000,0.3000,VALID,97,97,0.0000,0.9201,0.0117
edge_zero_flexibility,-1,10,4,50,5.0000,5,11,7.1400,4.4404,1.0000,1.0000,56.1875,0.6000,0.6000,VALID,97,97,0.0000,0.9201,0.0102
edge_zero_flexibility,-1,10,4,50,5.0000,5,11,7.1400,4.4404,1.0000,1.0000,56.1875,0.6000,1.0000,VALID,97,97,0.0000,0.9201,0.0095
edge_zero_flexibility,-1,10,4,50,5.0000,5,11,7.1400,4.4404,1.0000,1.0000,56.1875,1.0000,0.0000,VALID,97,97,0.0000,0.9201,0.0097
edge_zero_flexibility,-1,10,4,50,5.0000,5,11,7.1400,4.4404,1.0000,1.0000,56.1875,1.0000,0.3000,VALID,97,97,0.0000,0.9201,0.0092
edge_zero_flexibility,-1,10,4,50,5.0000,5,11,7.1400,4.4404,1.0000,1.0000,56.1875,1.0000,0.6000,VALID,97,97,0.0000,0.9201,0.0095
edge_zero_flexibility,-1,10,4,50,5.0000,5,11,7.1400,4.4404,1.0000,1.0000,56.1875,1.0000,1.0000,VALID,97,97,0.0000,0.9201,0.0092
